,assistsPg,blocksPg,defRebsPg,efficiency,fgaPg,fgmPg,fgpct,foulsPg,ftaPg,ftmPg,ftpct,games,gamesStarted,minsPg,offRebsPg,pointsPg,rebsPg,stealsPg,tpaPg,tpmPg,tppct,turnoversPg,playerId
0,0.6,0.22,1.9,4.7,2.444,0.889,36.4,1.11,0.0,0.0,0.0,9,0,17.1,1.0,2.4,2.9,0.33,1.667,0.667,40.0,0.22,200782
1,0.7,1.4,3.6,13.6,8.862,4.276,48.2,2.03,1.776,1.517,85.4,58,58,27.2,1.4,11.6,5.0,0.6,4.397,1.552,35.3,0.88,201572
2,5.6,0.51,3.2,20.3,13.511,6.787,50.2,1.62,2.021,1.66,82.1,47,44,31.9,1.2,17.1,4.4,1.79,4.723,1.894,40.1,2.11,201950
3,3.4,0.27,1.5,8.1,4.636,2.091,45.1,0.91,2.0,1.727,86.4,11,1,17.1,0.3,6.3,1.8,0.18,1.273,0.364,28.6,0.91,201952
4,5.5,0.16,5.1,21.6,15.491,7.404,47.8,2.37,3.386,3.018,89.1,57,57,33.2,0.8,20.0,5.9,1.12,5.14,2.193,42.7,2.68,203114
5,6.0,1.26,9.6,33.5,18.16,10.28,56.6,2.72,9.98,6.78,67.9,50,50,33.6,1.7,28.4,11.3,1.18,3.6,1.08,30.0,3.68,203507
6,0.9,0.21,1.4,4.8,2.681,1.404,52.4,1.4,0.83,0.383,46.2,47,2,10.4,1.1,3.3,2.5,0.4,0.511,0.149,29.2,0.85,203648
7,1.1,0.4,5.2,15.4,9.109,4.818,52.9,1.71,0.945,0.709,75.0,55,6,21.2,1.8,11.5,7.0,0.75,2.455,1.182,48.1,0.84,1626171
8,1.2,0.34,3.9,10.6,5.732,2.589,45.2,1.52,0.625,0.464,74.3,56,3,23.1,1.0,7.2,4.9,0.68,3.946,1.536,38.9,0.48,1626192
9,0.5,0.38,0.8,2.5,1.375,0.5,36.4,0.75,0.875,0.625,71.4,8,1,7.6,0.0,1.8,0.8,0.25,0.25,0.125,50.0,0.0,1626253
10,0.6,0.0,1.3,7.2,7.431,3.414,45.9,1.05,0.897,0.69,76.9,58,9,19.2,0.2,9.6,1.5,0.31,4.793,2.103,43.9,0.6,1627854
11,0.0,0.0,0.0,0.0,0.0,0.0,0.0,0.0,0.0,0.0,0.0,0,0,0.0,0.0,0.0,0.0,0.0,0.0,0.0,0.0,0.0,1628382
12,3.1,0.18,4.3,13.4,9.255,3.855,41.7,1.58,1.018,0.745,73.2,55,55,27.4,1.3,10.4,5.6,1.13,5.182,1.982,38.2,1.42,1628978
13,0.8,0.0,1.2,4.8,1.6,1.0,62.5,1.6,0.4,0.4,100.0,5,0,6.8,0.6,3.0,1.8,0.6,0.8,0.6,75.0,0.8,1629066
14,0.5,0.42,1.8,4.4,2.417,1.0,41.4,1.0,0.5,0.5,100.0,12,0,8.5,0.5,2.6,2.3,0.33,0.583,0.083,14.3,0.25,1629603
15,0.3,0.2,1.6,4.9,4.32,1.92,44.4,0.76,0.84,0.68,81.0,25,2,9.1,0.2,5.5,1.8,0.56,2.08,0.96,46.2,0.8,1629670
16,0.7,0.04,0.8,3.5,2.296,1.111,48.4,0.56,0.148,0.148,100.0,27,1,7.4,0.2,3.1,1.0,0.19,1.519,0.741,48.8,0.37,1630241
17,0.2,0.2,1.3,4.2,3.1,1.2,38.7,1.6,0.3,0.3,100.0,10,1,8.7,0.4,3.7,1.7,0.7,2.4,1.0,41.7,0.4,101141
18,6.0,0.17,2.6,17.8,12.583,5.583,44.4,1.96,2.729,2.354,86.3,48,48,29.8,0.7,16.3,3.3,1.4,6.667,2.729,40.9,1.96,201144
19,0.7,1.04,3.4,10.8,3.679,2.268,61.7,2.23,1.304,0.964,74.0,56,0,15.5,2.0,5.5,5.4,0.52,0.036,0.0,0.0,0.59,202324
20,1.9,0.05,3.3,13.1,12.167,5.167,42.5,1.6,3.333,2.9,87.0,60,60,30.6,0.6,15.7,3.9,0.57,6.367,2.467,38.7,1.55,202711
21,1.3,2.8,10.2,26.2,8.186,5.492,67.1,2.39,5.508,3.407,61.8,59,59,31.1,3.4,14.4,13.6,0.53,0.051,0.0,0.0,1.63,203497
22,2.2,0.16,3.3,14.1,15.107,6.375,42.2,1.54,1.839,1.696,92.2,56,1,26.0,0.7,17.5,4.0,0.86,8.696,3.036,34.9,1.7,203903
23,4.4,0.2,3.3,15.5,8.055,4.164,51.7,1.87,1.273,1.091,85.7,55,18,27.4,0.4,12.3,3.7,0.69,5.818,2.836,48.8,1.64,204060
24,2.5,0.49,5.8,13.4,5.525,2.424,43.9,2.66,0.712,0.61,85.7,59,59,32.0,1.2,6.9,7.0,0.76,3.932,1.475,37.5,1.12,1626220
25,0.8,0.12,2.1,6.0,4.967,2.15,43.3,1.55,0.15,0.15,100.0,60,1,14.5,0.4,5.9,2.5,0.28,3.617,1.483,41.0,0.72,1627777
26,5.2,0.28,3.5,22.1,20.585,9.019,43.8,2.21,5.962,5.038,84.5,53,53,33.4,0.9,26.4,4.4,0.98,8.698,3.358,38.6,2.77,1628378
27,0.0,0.33,0.8,1.8,0.583,0.333,57.1,0.67,0.5,0.333,66.7,12,0,4.1,0.3,1.0,1.1,0.08,0.0,0.0,0.0,0.25,1628962
28,0.4,0.18,1.2,2.7,1.932,0.682,35.3,1.16,0.136,0.114,83.3,44,0,9.1,0.4,2.0,1.6,0.14,1.705,0.568,33.3,0.34,1629671
29,0.3,0.1,0.7,2.3,1.571,0.714,45.5,0.67,0.095,0.095,100.0,21,0,4.5,0.3,1.9,1.0,0.14,0.952,0.333,35.0,0.14,1629714
30,0.6,0.0,1.0,1.3,3.667,1.111,30.3,0.56,0.0,0.0,0.0,9,0,7.8,0.2,2.6,1.2,0.11,2.333,0.333,14.3,0.56,1629744
31,0.3,0.0,0.7,1.9,0.957,0.478,50.0,0.78,0.304,0.13,42.9,23,0,5.0,0.3,1.2,1.0,0.17,0.478,0.13,27.3,0.13,1629752
32,0.3,0.08,0.5,1.3,1.692,0.615,36.4,0.08,0.308,0.231,75.0,13,0,3.5,0.0,1.9,0.5,0.08,1.308,0.462,35.3,0.46,1630190
33,1.1,0.06,0.4,1.7,1.111,0.444,40.0,0.28,0.111,0.111,100.0,18,0,5.9,0.0,1.0,0.4,0.22,0.167,0.0,0.0,0.44,1630235
34,2.7,1.27,3.4,11.4,8.818,3.636,41.2,3.0,2.182,1.545,70.8,11,5,27.2,0.7,9.7,4.1,0.91,3.273,0.909,27.8,1.55,201949
35,3.7,0.29,3.0,11.6,10.017,4.102,40.9,1.64,2.441,1.763,72.2,59,58,29.8,0.4,11.8,3.4,0.71,5.102,1.797,35.2,1.61,202339
36,0.0,0.0,1.0,2.3,2.333,1.0,42.9,0.0,0.0,0.0,0.0,3,0,8.0,0.3,2.7,1.3,0.0,2.0,0.667,33.3,0.33,203263
37,1.9,0.66,5.2,15.5,5.411,3.357,62.0,2.0,2.375,1.054,44.4,56,56,28.0,3.8,7.8,9.0,0.95,0.054,0.0,0.0,1.39,203500
38,0.9,0.47,4.0,11.2,4.972,2.75,55.3,1.17,1.556,1.0,64.3,36,2,15.6,2.3,6.5,6.3,0.31,0.25,0.028,11.1,0.53,1626195
39,4.9,0.64,4.4,22.6,18.236,8.582,47.1,2.0,5.4,4.782,88.6,55,55,34.5,0.5,24.3,4.9,0.69,6.182,2.345,37.9,2.51,1627742
40,5.6,0.57,3.6,16.5,12.152,5.109,42.0,1.98,1.043,0.826,79.2,46,46,31.1,0.5,14.1,4.1,1.39,7.913,3.022,38.2,2.04,1628366
41,2.3,0.26,6.9,15.1,7.319,3.213,43.9,2.36,1.894,1.468,77.5,47,4,28.7,1.1,9.2,8.0,0.81,4.106,1.34,32.6,1.04,1628404
42,0.4,0.08,2.4,4.3,3.0,1.167,38.9,1.58,1.25,1.0,80.0,12,1,15.7,0.4,3.5,2.8,0.42,1.333,0.167,12.5,0.92,1628411
43,0.6,0.1,1.0,1.9,1.4,0.4,28.6,0.5,0.7,0.4,57.1,10,0,6.1,0.8,1.4,1.8,0.1,0.7,0.2,28.6,0.8,1629117
44,3.6,0.65,4.6,27.8,16.855,10.4,61.7,2.31,8.6,6.018,70.0,55,55,33.0,2.7,27.0,7.3,0.89,0.545,0.164,30.0,2.62,1629627
45,0.5,0.48,2.6,9.1,3.813,2.458,64.5,1.73,1.688,1.292,76.5,48,3,14.8,1.3,6.3,3.9,0.38,0.146,0.063,42.9,0.65,1629637
46,2.0,0.51,2.8,9.7,9.22,3.854,41.8,1.88,1.268,0.951,75.0,41,10,20.8,0.2,10.2,3.0,0.98,4.561,1.585,34.8,1.39,1629638
47,2.3,0.19,1.0,6.3,6.357,2.524,39.7,1.48,0.786,0.619,78.8,42,0,16.3,0.2,6.5,1.2,0.74,2.286,0.786,34.4,0.6,1630184
48,2.6,0.3,3.3,8.3,4.75,1.75,36.8,1.75,2.6,1.7,65.4,20,4,19.0,0.3,5.9,3.6,0.65,2.05,0.65,31.7,0.75,1630230
49,1.8,0.74,8.4,25.1,12.14,7.04,58.0,2.86,3.36,2.6,77.4,50,49,28.0,4.2,17.0,12.6,0.52,0.96,0.32,33.3,1.68,202685
50,3.6,0.82,5.2,16.8,9.643,4.429,45.9,1.82,2.589,2.018,77.9,56,56,27.4,0.8,12.2,6.0,1.25,3.857,1.321,34.3,1.23,203937
51,4.0,0.09,1.8,9.7,6.421,2.807,43.7,0.46,0.632,0.579,91.7,57,8,18.7,0.4,6.9,2.2,1.04,2.175,0.684,31.5,0.74,1626145
52,1.8,0.42,3.7,6.4,8.579,2.947,34.4,1.95,0.947,0.526,55.6,19,0,20.2,0.7,6.7,4.4,0.68,2.211,0.316,14.3,1.58,1626159
53,2.4,0.35,2.1,12.5,15.185,6.37,42.0,3.46,2.574,2.148,83.5,54,54,29.5,0.8,16.8,2.9,1.19,5.463,1.889,34.6,1.85,1628415
54,2.2,0.16,2.9,11.6,8.511,3.644,42.8,1.44,1.867,1.6,85.7,45,33,25.6,0.3,11.2,3.2,0.98,5.711,2.311,40.5,1.02,1628960
55,1.0,2.5,3.5,22.0,12.5,7.0,56.0,4.5,5.0,4.5,90.0,2,0,21.5,2.0,19.0,5.5,0.5,3.0,0.5,16.7,0.5,1628991
56,2.6,0.5,2.5,12.3,8.0,3.816,47.7,1.71,1.026,0.789,76.9,38,1,20.4,0.7,10.3,3.2,1.29,4.184,1.895,45.3,1.18,1629001
57,0.1,0.0,1.0,1.4,1.143,0.429,37.5,0.86,0.0,0.0,0.0,7,0,3.1,0.3,1.1,1.3,0.29,0.857,0.286,33.3,0.71,1629007
58,7.4,0.18,2.8,18.6,15.3,6.96,45.5,1.4,5.98,4.38,73.2,50,50,32.2,1.0,19.4,3.8,0.88,3.64,1.06,29.1,3.06,1629630
59,1.7,0.81,4.0,14.4,8.833,4.583,51.9,1.52,1.938,1.292,66.7,48,16,25.1,1.5,10.9,5.5,1.02,1.333,0.396,29.7,0.58,1629634
60,0.3,0.54,0.8,2.9,3.0,0.923,30.8,1.15,0.385,0.308,80.0,13,0,9.0,0.5,2.6,1.3,0.38,1.846,0.462,25.0,0.08,1629681
61,1.1,0.21,2.1,6.5,3.029,1.382,45.6,1.03,0.706,0.588,83.3,34,0,13.7,0.7,3.8,2.8,0.85,1.206,0.441,36.6,0.47,1629723
62,1.3,0.56,3.1,10.6,5.375,2.958,55.0,2.21,0.979,0.646,66.0,48,10,19.1,1.3,6.9,4.4,0.81,1.167,0.375,32.1,0.69,1630214
63,1.7,0.19,2.7,10.0,7.333,3.481,47.5,1.94,0.778,0.648,83.3,54,12,22.2,0.4,9.4,3.1,0.61,3.833,1.759,45.9,0.89,1630217
64,0.2,0.18,0.8,2.5,1.941,0.765,39.4,0.47,0.471,0.471,100.0,17,0,9.2,0.4,2.3,1.2,0.12,1.294,0.294,22.7,0.24,1630253
65,4.0,0.52,2.2,13.6,11.64,5.36,46.0,1.2,2.28,1.92,84.2,25,3,25.8,0.3,13.6,2.5,0.96,2.52,0.92,36.5,1.28,201565
66,0.7,0.97,3.2,10.7,3.382,2.059,60.9,2.12,1.324,0.912,68.9,34,2,20.3,2.2,5.1,5.4,0.76,0.412,0.088,21.4,0.59,201959
67,2.2,0.27,4.1,13.0,10.091,4.182,41.4,2.07,2.523,2.182,86.5,44,5,25.8,0.4,12.6,4.5,0.68,4.955,2.023,40.8,1.0,202692
68,0.7,2.19,4.2,12.8,3.519,2.167,61.6,2.72,1.093,0.759,69.5,54,31,23.8,2.3,5.1,6.5,1.02,0.037,0.0,0.0,1.09,203457
69,1.5,0.17,3.1,10.7,8.333,3.667,44.0,2.2,0.704,0.63,89.5,54,53,28.9,0.2,10.4,3.3,0.78,5.87,2.389,40.7,0.7,203493
70,0.0,0.75,1.5,4.0,1.0,0.75,75.0,0.0,0.5,0.25,50.0,4,0,6.5,0.3,1.8,1.8,0.25,0.0,0.0,0.0,0.0,203658
71,3.4,0.17,2.4,10.9,10.788,4.75,44.0,1.85,1.923,1.327,69.0,52,52,25.3,1.2,11.3,3.6,0.77,1.769,0.5,28.3,1.75,203901
72,6.0,0.25,9.2,27.2,18.283,8.45,46.2,3.17,6.083,4.9,80.5,60,60,37.5,1.3,24.0,10.5,0.97,5.283,2.2,41.6,3.47,203944
73,0.6,0.08,0.8,3.0,2.708,1.0,36.9,1.58,0.667,0.333,50.0,24,4,10.9,0.2,3.1,1.0,0.63,1.583,0.75,47.4,0.42,1628373
74,0.5,0.16,1.3,3.9,3.632,1.447,39.9,0.97,0.474,0.368,77.8,38,0,11.9,0.3,4.2,1.6,0.29,2.289,0.895,39.1,0.42,1628995
75,0.5,1.45,4.5,15.8,5.677,3.71,65.3,2.77,1.71,0.839,49.1,31,29,27.5,3.6,8.3,8.1,1.13,0.0,0.0,0.0,0.84,1629011
76,0.1,0.0,0.1,-0.3,0.643,0.071,11.1,0.29,0.0,0.0,0.0,14,0,2.2,0.0,0.1,0.1,0.0,0.571,0.0,0.0,0.07,1629033
77,0.0,0.0,0.0,-0.5,0.5,0.0,0.0,0.0,0.5,0.5,100.0,4,0,2.3,0.0,0.5,0.0,0.0,0.0,0.0,0.0,0.5,1629607
78,0.0,0.0,0.0,0.0,0.0,0.0,0.0,0.0,0.0,0.0,0.0,0,0,0.0,0.0,0.0,0.0,0.0,0.0,0.0,0.0,0.0,1629619
79,3.0,0.26,4.7,16.1,14.623,6.541,44.7,2.64,3.967,2.951,74.4,61,61,34.4,1.0,17.6,5.7,0.74,3.934,1.525,38.8,2.02,1629628
80,0.5,0.22,1.8,4.9,3.353,1.627,48.5,0.92,0.431,0.314,72.7,51,0,11.1,0.4,4.0,2.2,0.24,1.392,0.412,29.6,0.41,1630167
81,2.1,0.2,1.8,9.8,9.304,3.643,39.2,1.77,2.804,2.5,89.2,56,3,19.5,0.4,11.7,2.2,0.46,4.821,1.875,38.9,0.89,1630193
82,3.4,0.93,5.7,17.9,12.857,5.786,45.0,1.71,0.786,0.643,81.8,28,28,27.9,1.0,14.2,6.7,0.89,5.429,2.0,36.8,1.04,201143
83,0.8,0.31,3.2,9.9,7.629,3.4,44.6,1.54,1.029,0.943,91.7,35,0,18.4,0.5,9.7,3.7,0.23,5.257,1.943,37.0,0.6,203488
84,0.8,0.73,4.1,13.6,6.0,3.867,64.4,1.67,2.0,1.467,73.3,15,0,18.8,2.3,9.2,6.4,0.53,0.133,0.0,0.0,1.4,1628396
85,5.9,0.66,4.2,23.6,16.143,8.2,50.8,2.0,6.543,5.286,80.8,35,35,33.7,0.5,23.7,4.7,0.77,4.857,2.029,41.8,3.03,1628983
86,1.8,0.25,2.8,9.3,8.75,4.0,45.7,0.9,0.75,0.5,66.7,20,9,24.0,0.6,10.0,3.4,0.7,4.3,1.45,33.7,1.7,1629004
87,2.2,0.23,2.9,10.7,5.95,3.133,52.7,2.1,0.95,0.55,57.9,60,11,21.2,1.3,7.6,4.2,0.75,1.683,0.75,44.6,1.05,1629026
88,1.5,0.55,6.6,13.3,12.068,4.841,40.1,1.05,2.75,1.977,71.9,44,44,31.2,0.8,13.2,7.4,0.59,5.273,1.523,28.9,1.98,1629647
89,0.2,1.06,5.0,13.7,6.0,3.258,54.3,2.13,3.032,1.903,62.8,31,20,20.3,3.3,8.4,8.3,0.65,0.0,0.0,0.0,0.97,1629650
90,1.6,0.39,3.0,11.2,12.0,4.826,40.2,2.5,3.022,2.239,74.1,46,46,29.7,0.7,14.0,3.7,0.96,6.152,2.13,34.6,1.48,1629652
91,0.8,0.2,2.2,6.8,4.4,2.1,47.7,1.4,2.1,1.7,81.0,10,0,16.5,1.2,5.9,3.4,0.6,0.5,0.0,0.0,1.4,1629658
92,3.7,0.15,2.4,10.4,8.481,3.556,41.9,1.74,0.926,0.667,72.0,27,1,24.1,0.4,9.8,2.8,0.59,5.148,2.037,39.6,1.41,1629660
93,1.9,0.67,4.1,12.2,7.02,3.51,50.0,2.71,1.959,1.408,71.9,49,26,23.7,1.6,9.0,5.7,0.84,1.673,0.571,34.1,1.86,1629676
94,3.5,0.13,3.1,9.5,9.222,3.426,37.1,2.11,1.907,1.407,73.8,54,38,27.7,0.4,9.9,3.5,0.89,4.704,1.648,35.0,2.13,1630177
95,2.0,1.11,4.0,7.8,8.568,2.811,32.8,1.22,0.811,0.649,80.0,37,20,23.4,0.7,7.5,4.7,0.43,4.595,1.216,26.5,1.97,1630197
96,1.3,0.0,1.9,1.4,3.214,0.643,20.0,1.5,2.071,1.214,58.6,14,0,12.4,0.1,2.6,2.0,0.0,1.429,0.143,10.0,1.14,1630221
97,0.0,0.0,0.0,0.0,0.0,0.0,0.0,0.0,0.0,0.0,0.0,0,0,0.0,0.0,0.0,0.0,0.0,0.0,0.0,0.0,0.0,1630466
98,3.2,0.08,1.2,9.1,10.692,4.385,41.0,0.92,2.462,2.231,90.6,13,0,23.4,0.2,12.1,1.4,0.54,2.538,1.077,42.4,1.69,101150
99,1.4,0.18,3.8,13.1,9.5,4.05,42.6,2.05,3.45,3.225,93.5,40,4,23.9,0.3,13.5,4.1,0.55,5.275,2.15,40.8,0.95,201568
100,1.3,0.25,2.0,7.4,3.675,1.9,51.7,1.55,0.275,0.275,100.0,40,18,21.0,0.4,5.5,2.4,0.23,2.45,1.4,57.1,0.45,203503
101,1.0,0.17,2.2,5.9,4.373,1.627,37.2,1.66,0.576,0.424,73.5,59,11,21.2,0.6,4.7,2.8,0.75,3.169,1.051,33.2,0.59,203524
102,0.8,2.19,9.8,27.0,11.269,6.808,60.4,2.31,3.654,2.115,57.9,52,52,30.5,4.9,15.7,14.7,0.73,0.0,0.0,0.0,1.19,203991
103,3.2,0.26,3.2,15.0,12.0,5.457,45.5,2.23,0.971,0.886,91.2,35,18,28.6,0.5,14.7,3.7,0.91,6.971,2.914,41.8,1.17,203992
104,0.0,0.0,0.0,0.0,0.0,0.0,0.0,0.0,0.0,0.0,0.0,0,0,0.0,0.0,0.0,0.0,0.0,0.0,0.0,0.0,0.0,1627739
105,1.4,1.0,5.6,20.9,12.745,6.98,54.8,3.18,3.216,2.686,83.5,51,51,30.0,2.1,17.9,7.7,0.49,3.275,1.235,37.7,1.27,1628381
106,0.3,0.11,1.9,2.7,1.037,0.444,42.9,0.74,0.667,0.444,66.7,27,0,6.7,0.5,1.3,2.4,0.07,0.074,0.0,0.0,0.67,1628981
107,3.6,0.25,2.8,13.1,10.7,4.633,43.3,2.4,0.967,0.767,79.3,60,45,31.4,0.6,12.2,3.4,1.23,5.733,2.117,36.9,1.17,1628989
108,9.6,0.2,3.3,24.4,17.815,7.648,42.9,1.85,8.815,7.704,87.4,54,54,34.2,0.6,25.3,3.9,0.89,6.389,2.278,35.7,4.22,1629027
109,1.9,0.0,1.2,4.9,4.561,1.805,39.6,0.83,0.951,0.634,66.7,41,3,12.7,0.2,5.0,1.4,0.34,2.146,0.732,34.1,0.68,1629164
110,1.3,0.35,3.2,9.9,10.115,3.692,36.5,2.62,3.154,2.577,81.7,26,21,28.8,0.8,11.2,4.0,1.27,4.846,1.269,26.2,1.31,1629629
111,2.1,0.5,4.3,17.2,11.15,5.6,50.2,2.65,3.75,3.25,86.7,20,18,31.3,0.8,16.0,5.1,0.9,4.35,1.55,35.6,1.35,1629631
112,0.2,0.63,2.0,6.3,2.605,1.605,61.6,2.0,1.184,0.737,62.2,38,3,11.2,1.1,3.9,3.1,0.42,0.053,0.0,0.0,0.47,1630168
113,0.8,0.0,0.6,3.5,2.63,1.037,39.4,0.48,0.926,0.815,88.0,27,0,7.4,0.3,3.3,0.9,0.44,1.074,0.37,34.5,0.26,1630219
114,0.2,0.26,1.2,3.7,2.889,1.074,37.2,0.74,1.519,1.222,80.5,27,0,8.3,0.8,3.6,2.0,0.3,0.926,0.185,20.0,0.56,1630233
115,0.8,0.91,5.7,12.6,4.207,2.466,58.6,2.98,3.0,1.724,57.5,58,5,17.4,2.7,6.7,8.4,0.45,0.276,0.069,25.0,1.71,2730
116,0.7,0.33,1.0,1.3,2.0,0.0,0.0,1.67,0.0,0.0,0.0,3,0,13.3,1.0,0.0,2.0,1.0,1.333,0.0,0.0,0.67,201229
117,1.3,0.75,1.5,6.3,5.0,2.5,50.0,1.0,1.25,0.75,60.0,4,2,19.8,0.5,6.3,2.0,0.25,1.0,0.5,50.0,1.25,201588
118,1.7,0.85,2.9,11.5,7.831,3.288,42.0,1.85,0.593,0.458,77.1,59,59,28.3,0.8,9.6,3.7,1.32,6.186,2.559,41.4,1.02,201980
119,3.6,0.88,6.2,23.2,15.157,7.863,51.9,2.02,3.471,3.078,88.7,51,51,33.1,1.0,20.2,7.2,0.9,3.451,1.392,40.3,1.88,202699
120,0.7,0.17,2.3,5.2,4.171,1.561,37.4,1.54,0.293,0.195,66.7,41,11,17.6,0.2,4.4,2.5,0.51,3.195,1.098,34.4,0.44,203118
121,2.8,0.17,1.9,11.1,9.851,4.404,44.7,1.7,1.426,1.277,89.6,47,47,28.9,0.2,12.1,2.1,0.77,4.787,2.0,41.8,1.21,203552
122,3.1,1.41,8.8,32.8,18.415,9.439,51.3,2.39,11.659,9.927,85.1,41,41,32.1,2.3,30.0,11.1,1.0,3.122,1.171,37.5,3.17,203954
123,7.1,0.65,6.0,21.6,10.438,5.688,54.5,3.06,5.521,3.396,61.5,48,48,33.3,1.7,14.8,7.7,1.6,0.208,0.063,30.0,3.31,1627732
124,1.3,0.17,1.8,8.0,7.83,3.191,40.8,1.17,1.681,1.234,73.4,47,9,19.7,0.3,9.5,2.1,0.94,4.915,1.872,38.1,0.89,1627788
125,3.0,0.25,1.8,11.2,10.981,4.923,44.8,2.15,2.904,2.423,83.4,52,3,24.0,0.6,13.4,2.4,0.63,3.308,1.135,34.3,1.79,1629003
126,0.9,1.02,1.5,6.6,3.684,1.509,41.0,1.96,0.281,0.14,50.0,57,7,20.1,0.5,3.8,2.0,1.54,2.175,0.649,29.8,0.42,1629680
127,0.4,0.0,0.6,2.5,0.727,0.364,50.0,0.36,1.273,1.091,85.7,11,0,3.6,0.1,2.0,0.7,0.09,0.273,0.182,66.7,0.18,1629730
128,1.6,0.18,1.4,6.5,6.843,3.059,44.7,1.22,0.98,0.843,86.0,51,6,14.8,0.2,7.4,1.6,0.37,1.647,0.431,26.2,0.65,1630178
129,0.3,0.39,1.0,3.5,2.611,1.278,48.9,1.0,0.222,0.056,25.0,18,0,6.4,0.8,2.6,1.8,0.28,0.333,0.0,0.0,0.44,1630194
130,0.5,0.13,0.7,2.6,3.031,1.0,33.0,0.84,0.5,0.375,75.0,32,1,9.2,0.2,3.2,0.9,0.25,2.375,0.781,32.9,0.22,1630198
131,0.6,0.0,0.2,3.2,1.4,0.8,57.1,0.0,1.4,1.0,71.4,5,0,4.2,0.6,2.8,0.8,0.0,0.4,0.2,50.0,0.0,1630222
132,2.3,0.46,3.1,13.0,13.391,5.522,41.2,1.91,3.0,2.609,87.0,46,2,29.3,0.3,15.6,3.4,1.02,5.739,1.935,33.7,1.61,203082
133,4.2,0.55,3.2,10.3,8.71,3.387,38.9,2.61,2.581,1.581,61.3,31,25,25.8,1.3,8.8,4.5,0.81,1.968,0.484,24.6,2.23,203487
134,1.7,0.0,4.7,10.3,8.333,3.0,36.0,1.33,1.667,1.667,100.0,3,0,22.0,0.0,8.0,4.7,1.33,3.0,0.333,11.1,0.0,203490
135,1.5,0.18,3.0,10.7,6.051,2.872,47.5,2.08,2.077,1.692,81.5,39,35,24.3,1.1,8.6,4.1,0.82,2.59,1.128,43.6,0.85,203516
136,2.3,0.43,0.9,8.1,9.286,3.429,36.9,1.86,4.0,3.286,82.1,7,6,25.6,0.4,11.4,1.3,0.43,2.571,1.286,50.0,1.14,203914
137,1.9,0.07,1.6,5.4,4.964,1.929,38.8,1.64,0.821,0.679,82.6,28,5,19.6,0.1,5.6,1.7,0.46,2.893,1.071,37.0,1.14,1626184
138,5.4,0.25,2.5,12.3,13.0,5.125,39.4,2.25,2.375,2.125,89.5,8,8,26.9,0.6,12.9,3.1,1.0,2.0,0.5,25.0,2.25,1628365
139,0.0,0.0,0.0,0.0,0.0,0.0,0.0,0.0,0.0,0.0,0.0,0,0,0.0,0.0,0.0,0.0,0.0,0.0,0.0,0.0,0.0,1628371
140,1.2,0.07,2.7,8.5,9.593,3.831,39.9,1.49,2.153,1.814,84.3,59,39,25.1,0.3,10.4,3.0,0.56,2.966,0.915,30.9,0.64,1628407
141,0.5,1.0,3.3,9.3,5.771,2.743,47.5,1.74,1.029,0.657,63.9,35,1,13.1,1.4,6.9,4.7,0.17,2.257,0.8,35.4,0.66,1628964
142,1.8,0.92,5.8,20.5,9.846,5.692,57.8,2.31,3.769,2.692,71.4,13,10,28.1,3.0,14.5,8.8,1.15,1.308,0.385,29.4,1.46,1628976
143,0.6,0.6,1.2,5.2,3.0,1.2,40.0,1.4,1.6,1.4,87.5,5,0,13.2,0.6,4.4,1.8,0.2,2.0,0.6,30.0,0.4,1629606
144,2.2,0.5,3.1,9.8,6.857,2.762,40.3,1.07,0.881,0.667,75.7,42,16,24.9,1.0,7.2,4.1,0.95,2.976,0.976,32.8,0.79,1629643
145,1.5,1.5,2.3,10.0,2.0,1.25,62.5,1.0,2.75,1.75,63.6,4,0,14.0,2.0,4.3,4.3,0.75,0.0,0.0,0.0,0.5,1629743
146,0.1,0.14,0.7,3.7,4.0,1.571,39.3,1.14,1.0,0.857,85.7,7,0,10.4,0.0,4.9,0.7,0.71,2.286,0.857,37.5,0.29,1629962
147,4.2,0.44,3.6,12.3,11.176,4.324,38.7,2.06,2.353,1.941,82.5,34,21,26.6,0.9,11.6,4.5,0.68,3.5,1.059,30.3,1.91,1630175
148,1.6,0.29,3.4,8.8,8.643,3.714,43.0,1.5,1.786,1.071,60.0,14,1,22.6,0.6,9.1,4.0,0.86,2.5,0.643,25.7,1.5,1630181
149,10.9,0.35,9.5,27.6,18.942,8.327,44.0,2.83,6.308,3.942,62.5,52,52,35.6,1.7,21.9,11.2,1.31,4.115,1.308,31.8,5.04,201566
150,0.8,0.61,1.9,10.5,5.78,3.627,62.8,1.63,1.966,1.373,69.8,59,9,19.8,2.0,8.7,3.9,0.24,0.305,0.085,27.8,1.07,201577
151,4.2,0.26,2.8,9.2,6.194,2.548,41.1,1.29,0.742,0.387,52.2,31,1,20.2,0.5,5.8,3.3,0.65,1.032,0.355,34.4,1.0,202397
152,0.9,0.23,2.7,10.7,8.318,3.432,41.3,2.45,1.977,1.75,88.5,44,5,24.6,0.3,11.7,3.0,0.59,7.477,3.045,40.7,0.59,202722
153,4.7,0.38,3.7,26.4,22.62,10.92,48.3,2.34,7.78,7.0,90.0,50,50,35.5,1.1,31.1,4.8,1.2,6.42,2.24,34.9,3.3,203078
154,0.9,1.07,3.0,10.2,4.705,2.977,63.3,2.11,2.068,1.273,61.5,44,27,16.1,1.2,7.3,4.2,0.3,0.386,0.091,23.5,1.0,203458
155,2.2,0.08,1.9,9.2,6.943,3.189,45.9,1.6,1.075,0.906,84.2,53,11,20.9,0.4,8.3,2.3,1.15,2.623,0.981,37.4,0.85,203526
156,1.5,0.8,4.3,18.0,9.1,5.9,64.8,3.1,2.4,1.6,66.7,10,10,27.1,1.8,14.3,6.1,0.4,2.1,0.9,42.9,1.1,1628418
157,0.7,0.0,3.4,5.9,5.286,2.0,37.8,1.43,1.571,1.286,81.8,7,0,17.3,0.4,5.7,3.8,0.43,1.571,0.429,27.3,1.29,1628990
158,1.5,0.09,4.8,13.6,11.17,5.213,46.7,2.17,3.0,2.277,75.9,47,47,31.7,0.9,13.5,5.7,0.83,2.489,0.787,31.6,1.3,1629060
159,0.6,0.22,1.3,3.0,2.108,0.811,38.5,1.59,0.216,0.135,62.5,37,8,11.3,0.5,2.1,1.8,0.3,1.243,0.351,28.3,0.57,1629067
160,0.4,2.0,4.1,15.8,7.0,4.6,65.7,1.4,3.3,2.0,60.6,10,0,17.6,2.1,11.2,6.2,0.6,0.0,0.0,0.0,0.9,1629655
161,0.5,0.11,1.2,5.7,3.868,1.604,41.5,1.7,1.434,1.283,89.5,53,22,17.2,0.3,5.7,1.5,0.49,3.189,1.245,39.1,0.17,1629726
162,1.2,0.28,4.4,8.9,5.778,2.407,41.7,2.59,0.833,0.537,64.4,54,32,23.3,0.4,6.3,4.8,0.59,3.111,0.981,31.5,0.61,1630166
163,0.6,0.06,0.5,2.3,1.722,0.722,41.9,0.44,0.333,0.278,83.3,18,0,5.1,0.0,2.2,0.5,0.11,0.889,0.444,50.0,0.06,1630216
164,0.3,0.11,1.3,3.0,1.368,0.579,42.3,0.63,0.263,0.211,80.0,19,1,6.1,0.6,1.5,1.9,0.26,0.737,0.158,21.4,0.26,1630264
165,1.7,0.7,3.4,12.0,6.872,3.34,48.6,2.0,1.809,1.277,70.6,47,34,21.2,1.4,8.9,4.8,0.83,2.553,0.915,35.8,0.91,200794
166,0.2,0.6,3.0,6.4,3.6,2.0,55.6,3.0,0.8,0.4,50.0,5,0,11.0,1.4,4.4,4.4,0.4,0.2,0.0,0.0,1.6,201580
167,1.7,0.33,2.7,8.0,5.333,2.333,43.8,1.67,1.333,1.0,75.0,3,0,21.7,0.3,6.7,3.0,0.0,3.333,1.0,30.0,0.33,203085
168,3.2,0.41,3.3,12.9,10.857,4.625,42.6,1.7,2.161,1.696,78.5,56,52,31.0,0.7,12.7,4.0,0.89,4.589,1.75,38.1,1.71,203115
169,0.8,0.36,3.4,10.2,6.362,3.0,47.2,2.53,0.957,0.809,84.4,47,4,18.7,1.5,8.2,4.9,0.51,3.362,1.383,41.1,0.94,203210
170,2.5,0.6,3.5,13.8,8.333,4.333,52.0,1.4,1.867,1.4,75.0,15,15,26.5,1.3,10.9,4.8,0.8,2.933,0.867,29.5,1.33,203932
171,8.7,0.65,8.0,36.2,18.167,10.317,56.8,2.65,4.983,4.25,85.3,60,60,35.3,2.9,26.2,10.9,1.38,3.333,1.35,40.5,3.12,203999
172,4.8,0.27,3.3,20.4,16.5,7.875,47.7,1.98,3.188,2.771,86.9,48,48,35.5,0.8,21.2,4.1,1.33,6.583,2.688,40.8,2.25,1627750
173,0.4,0.0,0.6,3.8,2.6,1.4,53.8,1.2,0.2,0.2,100.0,5,0,13.4,0.2,3.0,0.8,1.2,0.2,0.0,0.0,0.4,1627885
174,1.8,0.44,3.0,9.0,6.733,2.867,42.6,1.76,1.356,0.867,63.9,45,1,21.0,0.8,7.5,3.8,0.69,2.8,0.933,33.3,0.89,1628408
175,3.2,0.3,1.9,11.3,8.295,3.955,47.7,1.02,1.614,1.273,78.9,44,13,26.2,0.3,10.3,2.2,0.7,2.955,1.114,37.7,0.73,1628420
176,0.3,0.06,0.9,2.0,1.273,0.515,40.5,0.42,0.242,0.212,87.5,33,0,5.5,0.2,1.4,1.1,0.27,0.667,0.152,22.7,0.36,1628427
177,1.0,0.98,5.9,20.9,12.84,6.94,54.0,2.04,2.22,1.72,77.5,50,43,31.1,1.7,18.2,7.6,0.6,5.96,2.64,44.3,1.1,1629008
178,0.3,0.38,0.7,2.3,1.731,0.885,51.1,0.46,0.462,0.269,58.3,26,2,4.8,0.0,2.4,0.7,0.12,0.769,0.346,45.0,0.46,1629626
179,0.2,0.11,1.2,3.6,2.395,1.158,48.4,0.68,0.395,0.316,80.0,38,1,9.4,0.3,3.2,1.5,0.16,1.368,0.526,38.5,0.18,1630192
180,0.3,0.0,0.4,0.4,1.724,0.448,26.0,0.48,0.069,0.034,50.0,29,0,3.3,0.0,1.1,0.4,0.07,1.207,0.207,17.1,0.24,1630210
181,3.1,0.2,1.4,7.4,4.296,1.611,37.5,2.06,1.074,0.907,84.5,54,8,19.9,0.3,5.3,1.7,1.04,3.056,1.13,37.0,0.98,1630267
182,4.1,0.57,3.7,17.6,9.554,5.518,57.8,2.36,1.518,0.964,63.5,56,17,24.0,2.4,12.2,6.1,1.14,0.643,0.179,27.8,2.0,201152
183,2.2,0.45,2.4,8.8,6.955,2.886,41.5,2.25,0.909,0.75,82.5,44,18,26.8,0.5,7.8,2.9,0.82,3.705,1.25,33.7,1.05,202066
184,0.3,0.0,3.0,2.3,1.0,0.0,0.0,1.0,0.667,0.667,100.0,3,0,8.0,0.0,0.7,3.0,0.0,0.667,0.0,0.0,0.67,202329
185,3.7,0.76,8.1,27.4,17.765,9.118,51.3,2.06,2.0,1.706,85.3,17,17,31.8,2.1,22.2,10.2,1.0,5.294,2.294,43.3,1.53,202696
186,4.9,0.23,1.9,11.5,5.792,2.938,50.7,1.6,1.313,1.167,88.9,48,18,23.3,0.5,7.9,2.4,0.81,2.146,0.813,37.9,1.71,203107
187,5.1,0.51,4.5,25.0,19.434,9.83,50.6,2.34,5.208,4.415,84.8,53,53,35.2,0.6,27.5,5.1,0.81,8.245,3.434,41.6,3.64,203897
188,0.6,0.0,0.6,2.1,0.538,0.308,57.1,0.54,0.769,0.462,60.0,13,0,4.5,0.5,1.1,1.1,0.15,0.077,0.0,0.0,0.31,1626245
189,1.7,0.11,3.0,7.6,7.0,2.66,38.0,1.09,0.264,0.245,92.9,53,3,17.6,0.4,6.9,3.4,0.55,4.151,1.358,32.7,0.68,1627756
190,1.4,0.0,1.5,4.3,2.829,1.114,39.4,1.2,0.457,0.343,75.0,35,0,10.9,0.1,3.1,1.6,0.23,1.629,0.514,31.6,0.2,1627853
191,0.9,0.3,4.6,14.4,10.8,5.175,47.9,1.48,1.975,1.65,83.5,40,25,26.8,0.7,14.4,5.3,0.45,5.975,2.375,39.7,1.05,1628374
192,1.9,0.6,3.5,11.7,7.2,3.667,50.9,1.8,1.8,1.133,63.0,15,6,23.3,1.4,9.1,4.9,0.53,2.6,0.6,23.1,1.13,1628464
193,0.8,0.15,2.7,7.8,4.231,2.231,52.7,1.54,0.462,0.385,83.3,13,0,18.2,0.7,5.5,3.4,0.54,1.846,0.615,33.3,0.38,1628972
194,4.5,0.19,3.7,14.3,12.789,5.333,41.7,2.53,2.123,1.947,91.7,57,42,30.7,0.4,14.8,4.1,0.56,6.175,2.14,34.7,2.21,1629632
195,0.3,0.0,0.2,1.3,1.167,0.5,42.9,0.17,0.0,0.0,0.0,6,0,3.7,0.3,1.0,0.5,0.17,0.167,0.0,0.0,0.0,1629653
196,0.5,0.09,0.4,1.3,1.545,0.636,41.2,0.45,0.091,0.0,0.0,11,0,4.6,0.1,1.4,0.5,0.18,0.818,0.091,11.1,0.27,1629690
197,0.3,0.33,0.8,1.2,1.167,0.167,14.3,0.5,0.333,0.333,100.0,6,0,5.5,0.3,0.7,1.1,0.33,0.167,0.0,0.0,0.67,1629750
198,1.4,0.64,3.8,11.1,7.458,3.593,48.2,1.88,1.593,1.203,75.5,59,59,28.2,0.9,9.2,4.7,0.9,2.0,0.763,38.1,1.39,1630172
199,5.2,1.29,6.3,28.6,17.125,9.292,54.3,2.0,7.042,6.125,87.0,24,22,32.7,0.4,27.3,6.7,0.58,5.5,2.542,46.2,3.71,201142
200,1.6,0.41,3.3,11.4,7.625,3.625,47.5,1.71,2.268,1.768,78.0,56,32,26.9,0.5,10.4,3.8,0.55,3.554,1.393,39.2,0.82,201145
201,1.7,1.21,5.5,15.1,4.442,3.462,77.9,2.1,1.519,0.769,50.6,52,40,22.3,2.0,7.7,7.5,0.31,0.019,0.0,0.0,1.52,201599
202,2.4,0.5,3.8,11.9,6.357,3.0,47.2,2.43,2.5,1.929,77.1,14,3,20.6,0.8,8.9,4.6,0.79,2.714,0.929,34.2,1.29,201933
203,11.0,0.68,7.8,32.7,17.265,8.059,46.7,2.38,7.529,6.529,86.7,34,34,37.3,0.9,25.4,8.7,1.26,7.5,2.706,36.1,4.09,201935
204,6.3,0.61,3.9,27.5,20.386,10.318,50.6,2.66,4.205,3.864,91.9,44,44,35.2,1.0,27.1,4.9,1.36,6.886,2.636,38.3,2.5,202681
205,3.0,0.33,4.3,10.0,5.333,2.0,37.5,1.33,2.0,2.0,100.0,3,3,21.3,0.0,6.7,4.3,0.67,2.333,0.667,28.6,1.67,203915
206,1.9,0.2,3.0,14.8,10.3,5.3,51.5,1.98,0.967,0.75,77.6,60,56,30.9,0.6,14.5,3.6,0.67,6.55,3.167,48.3,0.8,203925
207,0.9,0.0,1.7,5.3,4.581,1.806,39.4,1.0,0.613,0.516,84.2,31,2,16.8,0.2,5.4,1.9,0.39,3.258,1.226,37.6,0.42,204020
208,1.2,0.11,1.9,5.8,6.434,2.321,36.1,1.81,0.755,0.604,80.0,53,7,19.0,0.5,6.6,2.4,0.6,4.321,1.358,31.4,0.77,1627789
209,2.0,0.0,1.0,6.0,8.0,3.0,37.5,0.0,2.0,1.0,50.0,1,0,21.0,1.0,8.0,2.0,0.0,1.0,1.0,100.0,0.0,1628455
210,1.6,0.38,3.6,12.7,6.607,3.607,54.6,2.3,1.857,1.357,73.1,56,32,22.6,1.7,8.9,5.3,0.93,0.982,0.286,29.1,0.88,1628971
211,0.8,0.17,3.1,8.9,4.083,2.5,61.2,0.75,0.25,0.25,100.0,12,0,10.6,1.5,5.3,4.6,0.33,0.417,0.083,20.0,0.67,1628993
212,1.5,0.1,1.6,7.8,7.49,3.082,41.1,1.51,1.286,1.102,85.7,49,5,21.9,0.2,9.4,1.8,0.51,5.449,2.143,39.3,0.84,1629013
213,3.0,0.27,1.0,5.1,4.0,1.409,35.2,0.86,0.773,0.591,76.5,22,1,10.5,0.1,4.0,1.1,0.32,1.909,0.591,31.0,0.73,1629185
214,0.7,0.29,2.0,5.1,3.524,1.476,41.9,1.71,0.619,0.476,76.9,21,0,9.5,1.1,3.6,3.1,0.29,0.952,0.19,20.0,0.67,1629617
215,1.1,1.2,3.6,11.1,4.8,2.8,58.3,2.08,1.84,0.92,50.0,25,1,18.5,1.4,6.6,5.0,0.76,0.2,0.04,20.0,0.56,1629651
216,5.2,0.11,1.7,10.7,5.333,2.444,45.8,1.89,1.0,1.0,100.0,9,0,18.6,0.8,6.7,2.5,0.78,2.111,0.778,36.8,1.67,200765
217,1.7,1.18,4.9,15.1,8.897,4.513,50.7,1.9,1.154,0.949,82.2,39,39,23.6,1.7,10.9,6.6,0.23,2.769,0.974,35.2,1.13,201586
218,2.4,0.55,4.1,12.8,6.397,2.931,45.8,1.6,0.897,0.759,84.6,58,38,28.4,0.8,8.3,4.9,1.09,4.207,1.707,40.6,0.86,201587
219,2.1,0.77,2.7,10.7,6.129,2.645,43.2,3.13,1.323,1.065,80.5,31,31,23.4,0.9,8.0,3.6,0.84,4.032,1.677,41.6,0.87,201976
220,1.3,0.13,3.0,7.0,5.125,2.5,48.8,1.75,1.625,0.75,46.2,8,0,11.5,1.5,6.3,4.5,0.38,1.0,0.5,50.0,2.0,202326
221,5.4,0.46,5.6,24.6,17.783,8.522,47.9,2.37,4.174,3.717,89.1,46,46,33.7,0.9,24.0,6.5,1.22,7.609,3.261,42.9,3.3,202331
222,0.7,0.24,1.5,5.6,4.03,1.818,45.1,1.3,0.485,0.364,75.0,33,4,14.3,0.5,5.1,2.0,0.36,2.758,1.061,38.5,0.33,202335
223,1.0,0.25,3.5,12.9,10.438,4.917,47.1,2.13,1.479,1.188,80.3,48,20,26.3,0.6,13.6,4.1,0.6,5.313,2.542,47.8,0.9,202694
224,5.1,0.43,5.5,28.1,18.174,9.37,51.6,1.65,5.717,5.022,87.8,46,46,34.4,1.1,25.7,6.6,1.67,4.978,1.957,39.3,1.98,202695
225,3.2,0.1,2.5,11.3,8.552,3.862,45.2,2.02,1.328,1.069,80.5,58,36,22.8,0.4,10.5,2.9,0.6,3.914,1.724,44.1,1.09,202704
226,7.0,0.0,0.0,12.0,6.0,2.0,33.3,1.0,3.0,3.0,100.0,1,0,20.0,0.0,8.0,0.0,1.0,3.0,1.0,33.3,0.0,1627812
227,1.2,0.89,4.6,15.3,5.613,3.613,64.4,2.65,2.484,1.952,78.6,62,23,22.4,2.7,9.2,7.3,0.37,0.048,0.0,0.0,1.13,1627826
228,1.7,0.16,2.5,9.0,6.625,3.161,47.7,1.52,0.518,0.429,82.8,56,15,19.9,0.3,8.4,2.8,0.36,3.571,1.643,46.0,0.8,1628379
229,0.5,0.0,0.8,3.0,2.238,0.976,43.6,0.62,0.857,0.595,69.4,42,1,8.8,0.2,3.0,1.0,0.24,1.214,0.5,41.2,0.33,1629599
230,1.7,0.22,2.8,9.1,5.22,2.508,48.1,1.97,1.288,1.034,80.3,59,8,19.1,0.9,6.6,3.7,0.44,1.356,0.559,41.3,0.61,1629611
231,0.3,0.13,0.7,2.0,1.13,0.609,53.8,0.61,0.348,0.217,62.5,23,0,4.1,0.4,1.4,1.1,0.04,0.043,0.0,0.0,0.22,1630187
232,0.0,0.0,0.0,0.0,0.0,0.0,0.0,0.0,0.0,0.0,0.0,0,0,0.0,0.0,0.0,0.0,0.0,0.0,0.0,0.0,0.0,1630206
233,1.1,0.51,5.1,13.3,6.156,3.267,53.1,2.11,2.311,1.422,61.5,45,36,23.2,3.1,8.0,8.2,0.42,0.067,0.0,0.0,1.09,202684
234,5.0,0.29,3.6,17.1,15.263,6.237,40.9,1.42,3.079,2.868,93.2,38,38,31.5,0.3,18.2,3.9,1.08,8.079,2.816,34.9,2.11,202689
235,2.4,0.8,1.6,8.6,9.0,3.2,35.6,2.4,1.2,1.0,83.3,5,0,27.4,0.2,9.6,1.8,1.2,5.2,2.2,42.3,1.2,203095
236,5.5,0.48,2.7,15.7,10.625,4.35,40.9,2.48,3.575,2.825,79.0,40,37,32.7,0.8,13.6,3.5,1.48,5.875,2.025,34.5,1.8,203935
237,1.5,0.5,2.8,9.5,5.75,3.25,56.5,0.75,0.5,0.25,50.0,4,0,15.0,1.5,6.8,4.3,0.25,0.75,0.0,0.0,1.0,203953
238,3.4,0.55,4.6,22.2,18.755,9.302,49.6,2.91,4.226,3.189,75.4,53,53,34.2,1.2,24.5,5.8,1.21,6.774,2.736,40.4,2.72,1627759
239,4.4,0.41,6.7,24.7,20.407,9.278,45.5,1.81,4.963,4.315,86.9,54,54,35.7,0.7,25.8,7.4,1.19,7.556,2.907,38.5,2.65,1628369
240,0.7,0.0,2.1,5.5,4.0,1.6,40.0,1.08,0.64,0.48,75.0,50,12,17.5,0.5,4.8,2.6,0.3,2.9,1.12,38.6,0.4,1628400
241,1.0,1.1,2.1,6.3,3.8,1.6,42.1,1.0,0.2,0.1,50.0,10,0,12.7,0.6,4.0,2.7,0.0,2.3,0.7,30.4,0.2,1628436
242,0.4,0.04,0.8,3.5,3.542,1.625,45.9,0.92,0.375,0.292,77.8,24,1,8.7,0.1,4.1,0.9,0.21,1.875,0.542,28.9,0.17,1629035
243,1.8,1.79,4.4,16.6,5.085,3.66,72.0,2.13,1.383,0.894,64.6,47,10,18.9,2.6,8.2,7.0,0.83,0.043,0.0,0.0,1.02,1629057
244,0.1,0.8,1.8,4.9,1.6,1.2,75.0,1.07,0.867,0.267,30.8,15,0,6.7,0.7,2.7,2.5,0.07,0.0,0.0,0.0,0.27,1629605
245,0.7,0.27,1.4,3.0,3.0,0.818,27.3,1.36,0.273,0.273,100.0,11,3,16.1,0.9,2.2,2.3,0.36,1.0,0.273,27.3,0.64,1629641
246,2.1,0.0,0.5,3.9,2.412,0.882,36.6,0.47,0.824,0.765,92.9,17,1,7.3,0.2,2.9,0.7,0.65,1.059,0.412,38.9,0.82,1629682
247,1.0,0.37,2.1,5.7,3.808,1.596,41.9,2.56,0.769,0.423,55.0,52,8,18.7,0.8,4.3,2.9,0.58,2.038,0.731,35.8,0.92,1629684
248,0.4,0.18,1.8,3.8,3.059,1.147,37.5,1.41,0.471,0.324,68.8,34,0,12.7,0.5,3.4,2.3,0.26,2.176,0.735,33.8,0.53,1630174
249,1.8,0.17,1.7,8.0,6.037,2.741,45.4,1.63,0.556,0.5,90.0,54,2,19.1,0.5,7.4,2.2,0.54,3.407,1.444,42.4,0.83,1630202
250,7.9,0.59,7.3,28.4,18.439,9.463,51.3,1.59,5.829,4.098,70.3,41,41,33.9,0.6,25.4,7.9,1.05,6.488,2.39,36.8,3.71,2544
251,0.5,0.09,1.4,2.3,0.636,0.182,28.6,0.64,0.0,0.0,0.0,11,0,6.9,0.4,0.5,1.8,0.09,0.455,0.182,40.0,0.18,201162
252,2.1,1.2,3.3,9.5,4.0,1.778,44.4,2.24,1.022,0.756,73.9,45,42,19.5,0.8,5.3,4.1,0.51,2.467,0.956,38.7,1.16,201188
253,0.9,0.3,1.3,4.6,4.24,1.42,33.5,1.4,0.7,0.6,85.7,50,7,19.3,0.3,4.5,1.6,0.64,3.36,1.08,32.1,0.44,202083
254,1.2,0.33,3.8,8.8,6.423,2.731,42.5,1.85,0.827,0.615,74.4,52,26,20.6,0.8,7.3,4.6,0.35,3.673,1.192,32.5,0.94,202693
255,3.0,1.68,6.0,24.0,16.48,8.44,51.2,1.68,5.6,4.0,71.4,25,25,32.0,2.0,21.6,8.0,1.28,2.6,0.68,26.2,1.88,203076
256,1.9,0.78,7.7,17.3,9.111,4.333,47.6,3.89,3.667,2.556,69.7,9,9,25.8,2.7,11.2,10.4,1.67,0.0,0.0,0.0,2.67,203083
257,0.4,0.33,1.3,7.3,6.778,3.0,44.3,2.56,1.778,1.444,81.3,9,1,17.9,0.4,9.4,1.7,0.11,5.222,2.0,38.3,0.67,203463
258,5.7,0.23,3.0,15.8,12.446,5.446,43.8,2.64,4.196,3.536,84.3,56,56,32.0,0.5,15.6,3.5,1.18,3.375,1.161,34.4,2.73,203471
259,1.6,0.33,2.2,9.6,7.564,3.273,43.3,1.64,1.527,1.309,85.7,55,55,27.4,0.4,9.7,2.6,0.82,4.291,1.818,42.4,1.0,203484
260,1.1,0.73,4.2,17.4,9.136,5.661,62.0,1.9,3.661,2.61,71.3,59,1,24.0,2.4,13.9,6.6,0.68,0.169,0.0,0.0,1.12,1626149
261,2.5,0.26,2.4,8.3,4.8,2.06,42.9,1.8,1.22,0.82,67.2,50,0,20.5,0.5,5.9,2.9,1.16,2.28,0.92,40.4,1.22,1627936
262,0.2,0.0,0.9,3.2,2.206,1.147,52.0,0.62,0.5,0.265,52.9,34,0,6.5,0.5,3.0,1.4,0.15,0.941,0.412,43.8,0.12,1628035
263,1.7,0.56,4.6,13.4,11.351,4.947,43.6,1.77,1.404,0.947,67.5,57,27,28.5,1.7,12.8,6.3,0.53,5.702,2.0,35.1,1.75,1628398
264,0.1,0.29,1.1,1.0,0.714,0.214,30.0,0.5,0.929,0.429,46.2,14,0,3.8,0.3,0.9,1.4,0.14,0.0,0.0,0.0,0.71,1628961
265,2.5,0.36,2.3,9.3,7.582,3.382,44.6,1.96,1.836,1.491,81.2,55,3,19.7,0.4,8.8,2.7,0.95,2.109,0.564,26.7,1.45,1629659
266,0.1,0.24,1.2,3.4,1.588,1.0,63.0,0.47,0.529,0.235,44.4,17,1,5.2,0.6,2.2,1.8,0.29,0.0,0.0,0.0,0.29,1629719
267,1.5,0.59,4.2,11.6,9.824,4.059,41.3,1.88,1.608,1.294,80.5,51,0,21.7,0.7,11.0,4.9,0.71,4.235,1.588,37.5,1.0,200752
268,7.2,0.26,3.7,23.6,14.92,7.34,49.2,2.04,7.02,6.2,88.3,50,50,34.0,0.8,21.2,4.5,0.88,1.4,0.36,25.7,1.96,201942
269,2.4,0.04,1.4,9.9,9.393,3.982,42.4,1.2,1.196,1.089,91.0,56,0,25.4,0.3,11.6,1.7,0.66,6.536,2.5,38.3,0.96,201988
270,0.7,0.17,1.7,3.8,1.667,0.667,40.0,1.33,1.167,0.833,71.4,6,0,8.5,0.3,2.3,2.0,0.33,0.833,0.167,20.0,0.33,203476
271,0.6,0.04,3.3,7.0,3.913,1.87,47.8,0.57,1.0,0.652,65.2,23,9,15.6,0.4,5.0,3.7,0.26,1.739,0.609,35.0,0.26,1626168
272,5.3,0.11,6.2,19.3,14.286,6.411,44.9,2.02,2.0,1.589,79.5,56,56,31.6,0.7,15.4,6.9,1.57,3.107,1.036,33.3,1.7,1627749
273,1.9,1.79,4.7,16.3,6.069,3.81,62.8,2.41,1.81,0.862,47.6,58,40,26.3,3.3,8.5,8.0,0.64,0.0,0.0,0.0,1.31,1627751
274,3.6,1.03,2.6,14.6,12.743,5.229,41.0,2.6,3.143,2.686,85.5,35,31,29.8,0.4,15.5,3.0,0.74,6.829,2.4,35.1,1.29,1628401
275,0.4,0.09,0.9,2.7,1.909,0.727,38.1,0.32,0.682,0.5,73.3,22,0,6.9,0.2,2.2,1.1,0.41,0.682,0.227,33.3,0.09,1628966
276,1.6,0.3,2.4,8.7,9.872,4.106,41.6,1.79,1.34,1.064,79.4,47,31,24.9,0.2,10.9,2.6,0.51,4.553,1.617,35.5,1.15,1629022
277,0.9,1.02,3.1,9.0,3.585,2.049,57.1,1.46,2.049,1.415,69.0,41,1,13.8,1.2,5.5,4.3,0.32,0.024,0.024,100.0,0.88,1629234
278,1.8,0.43,5.0,14.6,10.214,4.875,47.7,2.14,2.821,2.036,72.2,56,54,28.6,1.5,12.7,6.5,0.57,2.714,0.929,34.2,1.13,1629640
279,0.5,0.22,1.6,3.6,2.926,1.259,43.0,1.33,0.889,0.444,50.0,27,4,9.2,0.5,3.3,2.1,0.26,1.37,0.333,24.3,0.59,1629677
280,0.3,0.12,0.2,1.1,0.941,0.353,37.5,0.76,0.471,0.412,87.5,17,0,4.5,0.1,1.1,0.3,0.35,0.118,0.0,0.0,0.53,1629683
281,0.9,0.29,2.2,6.6,4.367,1.776,40.7,1.39,0.673,0.592,87.9,49,1,16.1,0.4,5.0,2.6,0.8,2.224,0.878,39.4,0.37,1630170
282,0.7,0.0,0.3,1.9,1.655,0.759,45.8,0.28,0.31,0.31,100.0,29,0,5.4,0.2,1.9,0.5,0.21,0.103,0.069,66.7,0.41,1630200
283,1.6,0.6,2.7,11.5,11.638,4.81,41.3,2.05,2.397,2.103,87.8,58,3,25.0,0.5,13.6,3.2,0.71,4.741,1.845,38.9,1.0,2546
284,1.3,0.69,7.3,21.0,8.237,5.034,61.1,2.54,2.407,1.881,78.2,59,35,26.0,4.2,11.9,11.5,0.47,0.017,0.0,0.0,1.2,202683
285,7.6,0.26,3.7,26.3,20.204,8.833,43.7,1.59,7.426,6.852,92.3,54,54,36.0,0.5,28.5,4.2,0.91,10.759,4.019,37.3,3.17,203081
286,4.8,0.47,3.6,21.3,19.294,8.588,44.5,1.91,2.765,2.265,81.9,34,34,33.9,0.7,23.2,4.3,1.12,9.618,3.735,38.8,1.35,203468
287,1.7,1.23,5.8,14.4,7.421,3.07,41.4,2.72,0.895,0.737,82.4,57,57,32.1,0.8,8.9,6.6,1.51,5.14,1.982,38.6,1.07,203496
288,3.3,0.92,5.8,15.9,8.083,4.0,49.5,3.04,2.583,1.583,61.3,24,24,23.0,2.1,10.0,7.9,0.96,1.042,0.375,36.0,2.0,203994
289,1.8,0.5,1.3,6.5,2.5,1.0,40.0,2.5,3.0,2.0,66.7,4,1,14.3,1.8,4.0,3.1,0.25,0.25,0.0,0.0,0.5,1626178
290,1.8,0.4,2.1,14.3,13.2,5.867,44.4,2.27,4.2,3.6,85.7,15,15,34.3,0.9,17.3,3.0,1.53,5.667,1.933,34.1,1.8,1626181
291,0.8,1.0,2.4,9.6,5.596,2.692,48.1,2.21,1.654,1.058,64.0,52,42,24.1,1.5,7.3,3.9,0.69,2.538,0.827,32.6,0.56,1627884
292,0.0,0.0,0.0,0.0,0.0,0.0,0.0,0.0,0.0,0.0,0.0,0,0,0.0,0.0,0.0,0.0,0.0,0.0,0.0,0.0,0.0,1628380
293,0.8,0.33,3.0,5.8,2.5,1.067,42.7,1.67,0.733,0.5,68.2,30,0,10.3,1.0,2.9,4.0,0.2,0.5,0.233,46.7,0.6,1628385
294,0.0,0.0,0.0,0.0,0.0,0.0,0.0,0.0,0.0,0.0,0.0,0,0,0.0,0.0,0.0,0.0,0.0,0.0,0.0,0.0,0.0,1628388
295,1.4,0.12,2.0,7.1,6.353,2.627,41.4,1.51,0.922,0.706,76.6,51,0,16.4,0.2,7.8,2.2,0.25,4.49,1.882,41.9,0.69,1629014
296,0.2,0.14,0.7,2.3,2.333,0.905,38.8,0.95,0.524,0.333,63.6,21,0,7.3,0.4,2.4,1.1,0.29,1.286,0.286,22.2,0.14,1629604
297,0.5,0.33,2.2,6.4,3.718,1.744,46.9,1.18,1.026,0.846,82.5,39,2,14.3,0.8,5.0,3.0,0.13,1.897,0.692,36.5,0.36,1629642
298,0.4,0.0,0.2,-0.3,1.4,0.2,14.3,0.4,0.0,0.0,0.0,10,0,5.1,0.0,0.4,0.2,0.2,0.5,0.0,0.0,0.3,1629833
299,0.7,0.14,1.3,4.9,4.571,2.143,46.9,0.57,0.429,0.286,66.7,7,0,13.4,0.1,6.1,1.4,0.14,3.0,1.571,52.4,1.14,200755
300,1.7,0.16,3.0,12.5,12.655,5.466,43.2,1.48,2.31,1.828,79.1,58,21,28.3,0.3,15.5,3.3,0.43,7.31,2.776,38.0,0.95,203501
301,1.3,0.06,0.8,5.7,5.429,2.408,44.4,1.0,0.816,0.694,85.0,49,0,14.3,0.1,6.5,0.9,0.55,2.653,0.959,36.2,0.51,203504
302,0.8,0.33,2.3,8.1,3.2,1.844,57.6,2.18,1.867,1.444,77.4,45,11,14.9,1.2,5.2,3.5,0.6,0.444,0.111,25.0,0.58,203939
303,1.6,1.46,7.3,22.9,16.128,7.641,47.4,2.72,3.41,2.897,85.0,39,39,31.4,2.0,20.4,9.3,0.49,6.154,2.231,36.3,1.31,204001
304,0.7,0.78,3.1,9.2,3.55,2.225,62.7,2.35,1.675,1.1,65.7,40,11,17.0,1.2,5.6,4.3,0.3,0.225,0.025,11.1,0.48,1626161
305,2.8,0.44,2.6,12.3,10.438,4.479,42.9,2.44,1.979,1.792,90.5,48,48,31.8,0.9,12.3,3.5,0.88,4.75,1.5,31.6,1.38,1626196
306,0.3,0.21,2.8,7.0,4.25,2.042,48.0,1.04,1.083,0.833,76.9,24,3,9.0,1.6,4.9,4.4,0.04,0.25,0.0,0.0,0.38,1626246
307,1.5,0.44,3.8,13.0,7.771,3.563,45.8,2.38,0.646,0.521,80.6,48,48,32.3,1.7,9.6,5.5,0.88,5.021,1.958,39.0,0.63,1627827
308,1.4,0.74,4.5,11.2,5.558,2.302,41.4,2.3,0.814,0.744,91.4,43,36,27.7,1.0,7.1,5.5,0.56,4.279,1.767,41.3,0.65,1628467
309,3.5,0.0,3.2,14.1,9.109,4.782,52.5,1.67,2.455,1.927,78.5,55,11,25.5,0.5,12.6,3.7,0.53,2.927,1.145,39.1,1.25,1628973
310,8.8,0.63,7.2,29.8,20.852,10.074,48.3,2.31,7.333,5.333,72.7,54,54,35.1,0.8,28.5,8.0,1.0,8.315,2.981,35.9,4.3,1629029
311,0.7,0.17,2.2,5.0,2.917,1.167,40.0,1.75,0.417,0.333,80.0,12,4,14.4,0.5,3.3,2.7,0.25,1.75,0.583,33.3,0.17,1629740
312,0.5,0.0,0.5,1.2,1.455,0.455,31.3,0.18,0.273,0.091,33.3,11,0,5.1,0.0,1.0,0.5,0.45,0.636,0.0,0.0,0.18,1630179
313,0.5,0.11,1.3,3.0,2.143,0.929,43.3,0.71,0.536,0.321,60.0,28,5,10.1,0.6,2.3,1.9,0.25,0.607,0.071,11.8,0.54,1630182
314,0.1,0.09,0.7,1.4,1.091,0.364,33.3,0.36,0.364,0.182,50.0,11,0,3.5,0.5,0.9,1.2,0.0,0.091,0.0,0.0,0.0,1630189
315,0.3,0.07,0.3,1.2,1.429,0.571,40.0,0.21,0.429,0.286,66.7,14,0,3.4,0.1,1.5,0.4,0.29,0.429,0.071,16.7,0.29,1630207
316,4.1,0.32,5.0,20.5,14.955,7.068,47.3,1.68,4.205,3.545,84.3,44,44,34.0,0.8,19.6,5.8,1.18,4.659,1.932,41.5,2.07,202330
317,1.3,1.08,3.2,9.6,3.868,2.208,57.1,2.26,1.698,0.811,47.8,53,30,20.9,2.1,5.2,5.3,0.28,0.019,0.0,0.0,1.02,202687
318,3.8,0.23,1.2,7.7,6.0,2.462,41.0,1.77,2.154,1.846,85.7,13,0,18.5,0.3,7.0,1.5,0.85,1.462,0.231,15.8,1.85,202954
319,1.9,0.37,4.3,14.1,6.658,3.605,54.2,2.37,2.237,1.658,74.1,38,20,21.0,2.6,8.9,6.9,0.61,0.658,0.079,12.0,1.05,203469
320,4.0,0.39,3.7,19.4,16.054,7.464,46.5,1.7,2.857,2.357,82.5,56,56,34.1,0.5,20.6,4.2,1.27,8.268,3.304,40.0,1.93,1626179
321,1.9,0.13,2.3,11.0,10.063,4.625,46.0,1.22,2.031,1.656,81.5,32,0,21.7,0.4,13.1,2.7,0.5,5.156,2.188,42.4,1.47,1628370
322,2.1,0.73,4.8,15.1,8.661,4.373,50.5,2.08,1.559,1.322,84.8,59,13,28.4,1.2,11.7,6.0,0.68,4.068,1.644,40.4,1.64,1628970
323,5.3,0.09,2.3,13.5,12.021,4.447,37.0,1.38,2.447,2.0,81.7,47,41,29.9,0.4,14.0,2.7,0.96,8.447,3.085,36.5,1.47,1628984
324,1.2,0.2,2.2,5.8,4.977,1.886,37.9,1.14,1.114,0.682,61.2,44,2,15.4,0.7,5.0,2.9,0.73,2.341,0.591,25.2,0.66,1628997
325,1.6,0.19,1.8,6.0,3.426,1.532,44.7,0.91,0.787,0.468,59.5,47,5,15.6,0.9,3.8,2.7,0.57,1.043,0.277,26.5,0.7,1628998
326,2.6,1.31,4.9,14.9,10.077,4.365,43.3,2.6,2.385,1.827,76.6,52,49,29.5,1.4,12.2,6.3,0.96,4.077,1.596,39.2,2.08,1629023
327,1.0,0.29,2.2,7.0,5.471,2.5,45.7,2.0,1.206,0.882,73.2,34,10,16.9,0.7,6.6,2.9,0.53,2.029,0.676,33.3,0.97,1629667
328,6.1,0.34,4.5,19.3,12.829,5.78,45.1,2.83,3.0,2.366,78.9,41,21,28.6,1.3,15.9,5.8,1.59,5.268,1.976,37.5,2.8,1630163
329,0.1,0.21,1.3,3.1,2.0,1.0,50.0,0.79,0.643,0.571,88.9,14,4,6.6,0.2,2.6,1.5,0.07,0.5,0.071,14.3,0.36,1630176
330,0.8,0.0,0.0,2.3,1.75,1.0,57.1,0.0,0.0,0.0,0.0,4,0,5.0,0.0,2.3,0.0,0.25,0.75,0.25,33.3,0.25,1630203
331,0.1,0.0,0.4,1.0,0.438,0.25,57.1,0.44,0.688,0.438,63.6,16,0,3.7,0.1,0.9,0.5,0.0,0.0,0.0,0.0,0.19,1630208
332,0.2,0.17,0.0,1.0,1.167,0.333,28.6,0.17,0.5,0.5,100.0,6,0,4.0,0.2,1.5,0.2,0.0,1.167,0.333,28.6,0.17,1630268
333,8.8,0.21,4.2,22.3,12.534,6.103,48.7,2.31,2.603,2.414,92.7,58,58,31.7,0.4,16.0,4.6,1.45,3.707,1.397,37.7,2.14,101108
334,1.5,0.17,1.2,4.9,4.25,1.792,42.2,1.29,0.417,0.333,80.0,24,1,14.5,0.5,4.3,1.7,0.58,1.208,0.333,27.6,0.75,202734
335,2.1,0.42,4.3,11.9,8.109,3.255,40.1,1.96,1.218,0.927,76.1,55,39,27.4,0.5,9.8,4.8,0.8,6.2,2.364,38.1,0.95,203109
336,1.3,0.07,3.0,9.6,7.146,3.22,45.1,1.98,1.902,1.659,87.2,41,1,17.5,1.0,9.1,4.0,0.59,2.878,0.976,33.9,1.24,203967
337,0.7,0.0,0.9,4.4,3.486,1.629,46.7,0.66,0.486,0.486,100.0,35,0,10.9,0.1,4.7,1.0,0.23,2.029,0.914,45.1,0.34,204038
338,1.6,0.38,2.9,8.3,5.206,2.412,46.3,1.24,1.147,0.647,56.4,34,13,14.5,0.6,6.2,3.5,0.29,1.912,0.765,40.0,0.47,1626163
339,4.5,0.27,3.7,21.1,19.055,9.182,48.2,2.85,5.6,4.818,86.0,55,55,33.6,0.5,25.1,4.2,0.89,5.691,1.945,34.2,3.2,1626164
340,3.5,0.21,2.0,9.5,5.979,2.792,46.7,1.67,0.854,0.729,85.4,48,0,17.3,0.3,7.3,2.3,0.58,2.5,1.0,40.0,1.1,1626166
341,0.8,0.38,2.3,7.2,4.833,2.375,49.1,1.42,1.542,1.167,75.7,24,0,14.8,0.3,6.7,2.6,0.42,1.792,0.75,41.9,0.79,1627846
342,0.9,0.42,3.2,9.4,4.842,2.526,52.2,1.68,0.421,0.263,62.5,19,0,16.2,1.2,6.2,4.4,0.68,2.263,0.842,37.2,0.63,1628470
343,2.2,0.86,3.3,15.9,9.339,4.915,52.6,1.59,1.78,1.475,82.9,59,59,32.5,1.1,13.1,4.4,0.95,4.356,1.763,40.5,0.8,1628969
344,1.1,0.17,1.2,4.8,3.362,1.426,42.4,1.02,0.085,0.043,50.0,47,0,11.1,0.3,3.8,1.5,0.43,2.383,0.894,37.5,0.23,1628975
345,1.4,1.14,7.4,22.6,10.39,6.475,62.3,2.9,2.576,1.983,77.0,59,59,30.7,3.3,15.0,10.7,0.54,0.339,0.068,20.0,1.64,1629028
346,1.5,0.3,2.7,10.3,7.925,3.509,44.3,1.45,0.925,0.811,87.8,53,10,23.5,0.5,9.9,3.2,0.58,5.453,2.057,37.7,0.72,1629661
347,0.1,0.1,0.7,1.2,1.45,0.55,37.9,0.5,0.15,0.05,33.3,20,0,4.4,0.3,1.3,1.0,0.05,0.55,0.1,18.2,0.25,1630188
348,0.1,0.11,0.4,0.3,1.111,0.222,20.0,0.11,0.222,0.111,50.0,9,0,3.2,0.1,0.7,0.5,0.0,0.778,0.111,14.3,0.11,1630234
349,6.6,0.05,2.8,13.0,7.193,2.719,37.8,2.14,2.316,1.982,85.6,57,42,26.2,0.4,8.3,3.2,1.4,2.912,0.877,30.1,1.75,201937
350,1.0,0.59,3.0,7.9,2.0,0.864,43.2,2.45,0.545,0.455,83.3,22,7,13.3,2.1,2.2,5.1,0.59,0.0,0.0,0.0,0.32,202334
351,4.9,0.42,2.1,16.1,15.516,6.839,44.1,1.74,3.387,2.71,80.0,31,19,27.7,0.4,19.3,2.5,1.03,7.129,2.903,40.7,2.74,1626156
352,4.6,1.41,8.2,29.4,17.564,8.615,49.1,3.56,5.846,5.077,86.8,39,39,34.3,2.7,24.8,10.9,0.69,6.205,2.462,39.7,3.21,1626157
353,2.4,0.19,3.6,16.3,16.216,7.135,44.0,1.68,2.162,1.838,85.0,37,36,32.8,0.8,19.6,4.4,0.81,8.676,3.459,39.9,1.62,1627736
354,0.7,0.4,1.2,5.6,4.167,2.071,49.7,0.98,0.881,0.619,70.3,42,11,14.3,0.3,5.3,1.5,0.69,1.738,0.5,28.8,0.62,1627774
355,0.6,0.1,3.1,7.8,5.429,2.381,43.9,0.93,1.69,1.119,66.2,42,6,16.7,0.9,6.8,4.0,0.36,2.976,0.929,31.2,0.48,1627823
356,1.1,0.48,1.6,6.9,4.583,1.833,40.0,2.23,1.792,1.438,80.2,48,32,21.2,0.9,5.6,2.5,1.0,1.958,0.521,26.6,0.75,1629006
357,1.3,0.75,3.8,10.4,3.509,2.075,59.1,1.87,1.774,1.0,56.4,53,25,17.2,1.7,5.2,5.5,0.89,0.075,0.019,25.0,0.91,1629020
358,4.1,0.15,1.7,8.3,5.049,2.0,39.6,0.85,0.585,0.439,75.0,41,2,19.2,0.4,5.1,2.1,1.12,1.805,0.659,36.5,1.05,1629162
359,0.7,0.26,2.1,5.5,4.941,2.029,41.1,1.71,1.412,0.853,60.4,34,7,14.7,1.0,5.3,3.1,0.5,1.559,0.382,24.5,0.82,1629633
360,1.6,0.26,1.9,8.5,8.368,3.579,42.8,1.79,1.342,1.105,82.4,38,0,18.8,0.5,9.5,2.4,0.55,3.658,1.237,33.8,0.71,1629669
361,1.1,1.05,3.5,12.7,8.203,4.237,51.7,2.51,2.458,1.814,73.8,59,15,19.2,1.1,11.1,4.6,0.51,2.373,0.814,34.3,0.98,1629675
362,2.7,0.41,3.6,14.2,16.541,6.639,40.1,1.66,3.525,2.754,78.1,61,44,31.4,0.8,18.3,4.4,1.18,7.082,2.295,32.4,2.11,1630162
363,1.1,0.96,2.8,8.7,5.852,2.63,44.9,2.63,0.722,0.426,59.0,54,20,23.3,0.8,6.8,3.6,0.54,3.037,1.13,37.2,0.74,1630183
364,1.4,0.21,1.6,8.8,7.302,3.279,44.9,1.37,0.814,0.651,80.0,43,29,21.9,0.3,9.7,1.9,0.4,5.93,2.535,42.7,0.67,201961
365,5.5,0.4,2.7,15.5,8.867,4.467,50.4,2.07,2.4,2.067,86.1,15,7,26.3,0.5,11.7,3.2,1.2,1.867,0.733,39.3,1.8,202709
366,3.6,0.87,6.8,19.4,6.778,4.13,60.9,3.37,3.111,2.093,67.3,54,54,26.9,2.6,10.4,9.4,0.78,0.13,0.0,0.0,1.87,203486
367,1.0,0.06,0.9,6.0,4.375,2.313,52.9,0.75,0.5,0.375,75.0,16,2,12.1,0.5,5.7,1.4,0.5,1.5,0.688,45.8,0.44,203585
368,2.9,1.06,4.0,18.9,17.442,7.481,42.9,2.38,6.346,5.404,85.2,52,52,34.2,0.7,22.6,4.7,0.67,6.192,2.192,35.4,2.04,203924
369,0.6,0.16,1.4,5.4,3.263,1.947,59.7,1.16,0.526,0.421,80.0,19,0,11.1,0.7,4.4,2.1,0.16,0.316,0.105,33.3,0.53,1626143
370,2.2,0.73,3.1,11.7,11.571,4.946,42.7,2.86,3.446,2.518,73.1,56,21,25.0,0.9,13.7,4.0,0.86,4.107,1.25,30.4,2.21,1628367
371,3.7,0.7,2.1,9.8,6.75,2.8,41.5,1.65,1.0,0.7,70.0,20,9,19.6,0.6,7.3,2.7,1.0,2.7,0.95,35.2,1.25,1628372
372,0.7,0.03,1.6,6.8,6.281,2.875,45.8,1.25,1.625,1.281,78.8,32,4,16.5,0.4,8.4,2.0,0.25,3.469,1.406,40.5,0.84,1628402
373,1.1,0.57,3.4,8.8,7.0,2.929,41.8,2.43,2.571,1.786,69.4,14,0,20.3,1.1,8.2,4.5,0.43,1.357,0.571,42.1,1.21,1628977
374,0.5,0.0,2.2,5.6,3.059,1.882,61.5,1.18,1.118,0.529,47.4,17,1,13.8,0.9,4.3,3.1,0.29,0.0,0.0,0.0,0.82,1629076
375,0.7,0.11,1.6,3.7,4.17,1.447,34.7,1.57,0.894,0.66,73.8,47,4,13.3,0.5,4.0,2.1,0.43,1.872,0.468,25.0,0.74,1629635
376,0.1,0.0,0.6,0.9,1.214,0.357,29.4,0.21,0.286,0.214,75.0,14,0,2.7,0.0,1.2,0.6,0.07,0.929,0.286,30.8,0.21,1629686
377,4.4,0.38,1.9,6.3,7.063,2.438,34.5,1.88,0.563,0.5,88.9,16,10,22.8,0.3,5.9,2.2,0.94,2.313,0.563,24.3,2.75,1630165
378,1.2,0.14,3.6,11.1,9.119,3.678,40.3,1.63,1.932,1.678,86.8,59,42,25.9,0.6,11.3,4.2,0.73,6.153,2.305,37.5,0.8,1630180
379,0.9,1.1,4.1,12.8,5.475,3.169,57.9,2.58,1.254,0.847,67.6,59,7,20.3,2.4,7.4,6.5,0.53,0.525,0.22,41.9,0.97,1630191
380,3.4,0.27,1.7,7.8,4.135,1.919,46.4,1.59,2.0,1.351,67.6,37,7,15.5,0.4,5.4,2.1,0.68,0.432,0.189,43.8,1.08,1630240
381,5.8,0.12,5.1,29.4,20.942,10.231,48.9,1.87,6.038,5.577,92.4,52,52,34.0,0.5,31.2,5.6,1.17,12.038,5.115,42.5,3.31,201939
382,0.0,0.0,0.0,0.0,0.0,0.0,0.0,0.0,0.0,0.0,0.0,0,0,0.0,0.0,0.0,0.0,0.0,0.0,0.0,0.0,0.0,202691
383,8.7,0.75,5.7,17.5,6.038,2.519,41.7,3.15,1.308,1.019,77.9,52,52,30.8,0.9,6.6,6.6,1.63,2.077,0.519,25.0,2.94,203110
384,1.6,0.47,2.6,8.3,5.404,2.421,44.8,2.23,1.14,0.789,69.2,57,8,18.1,0.4,6.7,3.0,0.96,2.526,1.053,41.7,1.16,203145
385,2.3,0.97,3.8,16.6,14.467,6.833,47.2,2.18,3.467,2.417,69.7,60,60,33.0,1.0,18.1,4.8,0.97,5.2,1.983,38.1,1.82,203952
386,1.4,0.79,4.6,15.1,13.151,5.811,44.2,2.23,3.151,2.208,70.1,53,50,30.8,1.5,15.5,6.1,1.06,5.113,1.642,32.1,1.3,1626162
387,1.9,0.37,2.9,9.1,2.959,1.633,55.2,2.06,0.694,0.49,70.6,49,22,17.3,1.9,3.8,4.8,0.39,0.327,0.082,25.0,0.65,1626172
388,0.0,0.13,0.6,2.8,1.0,0.625,62.5,0.75,0.5,0.375,75.0,8,0,2.6,0.3,1.8,0.9,0.63,0.375,0.125,33.3,0.13,1627780
389,1.3,0.14,2.8,8.6,4.807,2.246,46.7,1.56,0.772,0.702,90.9,57,1,18.9,0.4,6.5,3.2,0.67,3.404,1.351,39.7,0.53,1627814
390,0.4,0.19,0.7,3.2,3.125,1.313,42.0,0.75,0.396,0.229,57.9,48,3,10.3,0.0,3.8,0.7,0.19,2.625,0.958,36.5,0.19,1628539
391,2.3,0.41,3.4,9.9,3.512,2.049,58.3,1.93,0.561,0.415,73.9,41,15,18.3,0.6,5.1,4.0,0.63,1.463,0.634,43.3,0.98,1629308
392,0.2,0.33,0.4,2.0,1.444,0.667,46.2,0.67,0.444,0.111,25.0,9,1,4.2,0.3,1.7,0.7,0.11,0.556,0.222,40.0,0.0,1629346
393,1.3,0.18,2.5,8.9,7.513,3.692,49.1,1.67,2.282,1.641,71.9,39,2,17.3,0.7,9.5,3.2,0.31,1.359,0.436,32.1,1.05,1629672
394,1.9,0.15,1.3,9.0,8.846,3.795,42.9,1.72,1.949,1.744,89.5,39,6,18.4,0.2,11.1,1.5,0.54,5.026,1.769,35.2,0.92,1629673
395,0.7,0.92,4.4,12.3,9.436,4.897,51.9,3.1,2.205,1.385,62.8,39,27,21.4,1.4,11.5,5.8,0.28,0.974,0.308,31.6,1.54,1630164
396,2.2,0.04,1.3,4.6,3.958,1.333,33.7,1.04,1.042,0.833,80.0,24,1,12.3,0.1,4.3,1.4,0.58,2.083,0.75,36.0,1.04,1630185
397,2.3,0.13,5.8,13.3,10.0,3.938,39.4,0.94,2.25,1.75,77.8,16,16,22.8,0.8,11.8,6.6,0.5,6.375,2.125,33.3,1.31,201567
398,4.8,0.0,1.4,5.8,4.25,1.0,23.5,1.42,0.333,0.333,100.0,12,1,17.2,0.5,2.6,1.9,0.33,1.833,0.25,13.6,0.5,203521
399,3.0,0.5,5.1,15.3,7.794,3.706,47.5,2.0,1.382,0.853,61.7,34,27,31.4,1.6,9.5,6.7,1.79,3.265,1.206,36.9,1.56,1626204
400,2.6,0.16,2.7,9.0,9.469,3.408,36.0,1.8,1.51,1.122,74.3,49,17,24.1,0.6,9.5,3.3,0.9,5.306,1.592,30.0,1.06,1626224
401,2.4,0.52,3.1,10.6,8.724,3.483,39.9,1.86,1.69,1.414,83.7,29,6,23.7,0.6,10.1,3.7,0.69,4.069,1.69,41.5,1.24,1627752
402,1.6,1.53,6.8,20.9,8.053,5.053,62.7,1.58,4.579,3.211,70.1,38,27,29.7,2.9,13.4,9.7,0.42,0.342,0.132,38.5,1.39,1628386
403,2.5,1.38,5.2,16.2,5.692,3.615,63.5,2.85,2.538,1.692,66.7,13,2,19.1,1.8,9.1,7.0,0.54,0.385,0.154,40.0,1.46,1628392
404,2.1,0.11,1.9,6.2,6.314,2.486,39.4,0.89,0.914,0.629,68.8,35,6,18.8,0.1,6.5,2.0,0.4,3.286,0.914,27.8,0.8,1628422
405,4.1,0.14,2.2,19.6,18.44,8.98,48.7,2.72,5.94,4.84,81.5,50,50,35.7,0.9,24.5,3.1,1.1,4.42,1.66,37.6,2.64,1629012
406,6.0,0.12,2.0,15.8,14.918,6.776,45.4,2.16,2.408,2.02,83.9,49,46,33.6,0.5,17.6,2.5,1.2,4.857,1.98,40.8,2.96,1629636
407,0.3,0.0,1.3,2.8,1.25,0.5,40.0,1.0,0.5,0.5,100.0,4,0,6.0,0.0,1.8,1.3,0.5,1.0,0.25,25.0,0.25,1629662
408,1.1,0.39,2.8,7.1,4.194,1.839,43.8,1.19,0.871,0.677,77.8,31,0,16.5,0.6,5.2,3.4,0.61,2.484,0.839,33.8,1.03,1629685
409,1.1,0.36,2.6,7.1,4.38,1.88,42.9,1.08,0.42,0.32,76.2,50,13,17.0,0.5,5.2,3.1,0.46,2.96,1.08,36.5,0.4,1629731
410,1.8,0.43,1.9,8.2,7.204,3.037,42.2,2.72,1.741,1.259,72.3,54,54,31.8,0.9,8.2,2.8,1.02,2.815,0.852,30.3,1.33,1630171
411,0.6,0.33,1.8,5.3,3.487,1.59,45.6,1.33,1.308,0.949,72.5,39,0,12.6,0.6,4.2,2.4,0.44,0.641,0.103,16.0,0.56,1630205
412,0.7,0.27,0.8,2.3,2.8,0.8,28.6,0.87,1.067,0.867,81.3,15,1,9.3,0.1,2.7,0.9,0.4,1.333,0.267,20.0,0.53,1630271
413,2.6,0.48,1.9,13.3,13.593,5.889,43.3,1.63,4.222,3.481,82.5,27,13,29.2,0.3,17.8,2.2,0.52,7.778,2.556,32.9,1.89,201569
414,4.0,0.0,1.8,10.4,6.714,2.786,41.5,1.29,2.429,2.357,97.1,14,0,19.1,0.5,9.2,2.3,0.43,3.571,1.286,36.0,1.5,201571
415,6.9,0.78,2.8,16.8,18.15,7.325,40.4,1.15,5.275,3.95,74.9,40,40,32.2,0.4,20.6,3.2,1.05,6.225,1.975,31.7,3.53,202322
416,2.0,0.14,2.1,5.5,6.286,2.0,31.8,1.71,0.429,0.357,83.3,14,3,22.8,0.4,5.4,2.5,0.71,3.786,1.071,28.3,0.93,202340
417,2.9,0.53,6.6,22.9,11.118,6.471,58.2,2.65,3.471,3.059,88.1,17,14,30.9,1.4,17.9,8.0,1.06,4.824,1.941,40.2,2.35,203482
418,0.0,0.0,0.0,0.0,0.0,0.0,0.0,0.0,0.0,0.0,0.0,0,0,0.0,0.0,0.0,0.0,0.0,0.0,0.0,0.0,0.0,203957
419,1.5,1.22,7.7,23.1,15.514,8.108,52.3,2.11,4.649,2.946,63.4,37,37,32.0,1.8,21.0,9.5,0.86,4.811,1.811,37.6,1.86,1626174
420,1.8,0.44,3.3,9.7,7.75,3.156,40.7,1.94,1.844,1.219,66.1,32,21,27.0,0.6,9.1,3.9,0.59,4.438,1.594,35.9,0.94,1627863
421,1.0,0.7,2.6,10.9,7.267,3.533,48.6,2.0,2.267,1.567,69.1,30,9,22.6,1.3,9.2,3.9,1.0,2.1,0.567,27.0,0.57,1628021
422,0.8,0.55,2.8,6.8,5.05,2.15,42.6,1.3,0.95,0.6,63.2,20,1,13.2,0.6,5.7,3.4,0.45,2.4,0.8,33.3,0.8,1628391
423,1.4,0.24,3.6,10.4,6.569,2.941,44.8,1.9,0.608,0.49,80.6,51,14,24.1,0.7,8.2,4.3,0.75,4.216,1.784,42.3,0.8,1628425
424,0.5,0.5,1.5,3.2,3.0,0.833,27.8,0.83,0.0,0.0,0.0,6,0,13.3,0.7,2.0,2.2,0.17,1.833,0.333,18.2,0.0,1629610
425,6.2,0.33,3.1,14.6,13.571,5.714,42.1,2.33,3.19,2.381,74.6,21,18,31.6,0.7,15.5,3.8,0.81,5.762,1.667,28.9,3.43,1629645
426,1.4,0.11,3.4,8.0,7.667,2.889,37.7,1.44,0.556,0.222,40.0,9,3,23.6,0.6,8.3,4.0,0.44,6.667,2.333,35.0,1.22,1629717
427,0.6,0.91,3.0,10.0,5.265,2.676,50.8,1.74,1.647,1.176,71.4,34,1,20.4,1.6,6.9,4.6,0.59,1.235,0.412,33.3,0.65,1630231
428,0.4,0.14,1.2,3.4,3.929,1.286,32.7,1.29,0.5,0.429,85.7,14,0,11.9,1.1,3.6,2.3,0.07,2.357,0.643,27.3,0.43,1630237
429,2.3,0.56,3.4,14.6,8.607,4.426,51.4,3.13,1.918,1.377,71.8,61,49,29.0,2.0,11.0,5.4,1.28,2.705,0.787,29.1,1.2,1630256
430,1.5,0.64,2.9,11.7,7.667,3.333,43.5,2.0,2.083,1.972,94.7,36,8,21.3,0.7,10.1,3.6,0.94,3.556,1.444,40.6,0.61,203087
431,1.6,0.46,3.2,10.9,8.831,3.525,39.9,1.93,1.169,0.915,78.3,59,48,30.9,0.5,10.3,3.7,1.24,6.424,2.356,36.7,0.8,203200
432,1.3,0.08,2.6,12.5,9.792,5.094,52.0,1.68,1.453,1.208,83.1,53,19,24.3,1.0,13.0,3.6,0.3,4.264,1.604,37.6,0.83,203926
433,1.3,0.0,3.0,13.3,12.75,6.75,52.9,4.0,2.5,2.0,80.0,4,4,29.3,0.5,15.5,3.5,0.5,1.75,0.0,0.0,1.0,203933
434,0.1,0.36,1.5,3.7,3.0,1.273,42.4,1.55,1.091,0.682,62.5,22,1,8.6,0.8,3.3,2.3,0.09,0.455,0.091,20.0,0.32,203960
435,6.6,0.34,2.9,15.6,6.679,3.786,56.7,1.61,0.679,0.446,65.8,56,2,25.8,0.8,8.2,3.7,1.77,0.607,0.214,35.3,1.86,204456
436,1.0,3.38,5.2,17.5,9.191,4.383,47.7,3.51,3.021,2.362,78.2,47,47,31.0,1.3,12.6,6.5,0.85,4.383,1.468,33.5,1.43,1626167
437,6.0,0.55,9.1,27.4,14.415,7.491,52.0,3.38,5.604,4.094,73.1,53,53,35.7,2.5,19.9,11.6,1.13,2.623,0.792,30.2,3.36,1627734
438,4.0,0.57,3.9,17.7,16.565,7.13,43.0,2.35,3.87,3.0,77.5,23,23,32.6,0.8,18.8,4.7,1.7,5.739,1.565,27.3,1.87,1627747
439,5.9,0.26,4.2,21.7,17.811,8.094,45.4,2.02,3.151,2.717,86.2,53,53,35.1,1.1,21.6,5.3,0.92,6.736,2.66,39.5,2.04,1627763
440,0.9,0.22,1.3,6.8,5.0,2.63,52.6,1.52,1.37,1.087,79.4,46,17,15.5,0.3,7.0,1.6,0.61,1.674,0.674,40.3,0.91,1628410
441,0.0,0.0,0.0,0.0,0.0,0.0,0.0,0.0,0.0,0.0,0.0,0,0,0.0,0.0,0.0,0.0,0.0,0.0,0.0,0.0,0.0,1628578
442,1.6,0.16,1.1,5.6,6.614,2.561,38.7,1.51,1.158,0.93,80.3,57,6,17.2,0.2,7.1,1.3,0.65,2.825,1.053,37.3,0.89,1628988
443,0.7,1.24,1.9,7.5,4.135,1.892,45.8,1.92,1.216,0.919,75.6,37,2,11.3,1.3,5.1,3.2,0.22,1.514,0.405,26.8,0.43,1629048
444,0.5,0.63,2.4,10.3,5.0,2.75,55.0,0.75,2.0,1.375,68.8,8,3,16.3,1.5,7.9,3.9,0.5,2.375,1.0,42.1,0.25,1629052
445,0.3,0.14,0.8,2.3,2.091,0.773,37.0,0.55,0.227,0.227,100.0,22,0,5.5,0.4,2.0,1.2,0.23,0.955,0.273,28.6,0.27,1629103
446,0.0,0.13,0.4,0.8,1.375,0.375,27.3,0.56,0.313,0.25,80.0,16,0,2.6,0.3,1.1,0.7,0.0,0.375,0.063,16.7,0.06,1630199
447,0.0,0.0,0.0,0.0,0.0,0.0,0.0,0.0,0.0,0.0,0.0,0,0,0.0,0.0,0.0,0.0,0.0,0.0,0.0,0.0,0.0,2617
448,2.2,0.57,3.0,8.2,4.185,1.593,38.1,1.43,0.63,0.407,64.7,54,4,21.5,0.6,4.6,3.6,1.0,3.148,1.037,32.9,0.98,2738
449,1.8,0.55,3.8,10.4,7.25,2.85,39.3,1.65,1.4,1.05,75.0,20,17,27.0,0.8,8.3,4.6,0.7,4.2,1.5,35.7,0.6,2772
450,4.4,0.18,3.0,12.7,10.625,4.625,43.5,2.18,2.55,2.075,81.4,40,10,26.3,0.5,13.0,3.5,0.65,4.65,1.65,35.5,2.45,201609
451,1.1,0.25,1.9,3.9,3.0,1.125,37.5,1.88,0.375,0.125,33.3,8,0,10.9,0.1,2.8,2.0,0.25,2.0,0.375,18.8,0.38,202357
452,7.3,0.39,5.2,27.5,14.25,7.023,49.3,1.45,7.932,6.795,85.7,44,44,33.9,1.8,21.3,7.0,2.14,1.977,0.432,21.8,2.25,202710
453,0.3,0.67,3.3,11.8,4.0,2.667,66.7,1.33,1.667,1.5,90.0,6,0,13.3,2.2,6.8,5.5,0.83,0.5,0.0,0.0,0.83,203473
454,3.5,0.5,2.8,9.5,10.75,4.0,37.2,3.25,4.5,3.0,66.7,4,4,27.8,0.8,12.0,3.6,1.75,4.25,1.0,23.5,3.5,203506
455,5.3,1.09,6.9,26.3,12.722,7.204,56.6,2.24,5.741,4.611,80.3,54,54,33.5,2.3,19.1,9.2,1.07,0.148,0.037,25.0,2.74,1628389
456,1.8,0.25,3.5,12.4,10.066,4.426,44.0,2.51,1.0,0.836,83.6,61,61,32.1,0.1,13.2,3.6,0.56,8.623,3.492,40.5,1.18,1629130
457,2.8,0.26,2.9,13.6,11.511,5.383,46.8,1.89,1.106,1.021,92.3,47,35,29.0,0.4,14.0,3.3,0.98,5.723,2.191,38.3,1.45,1629134
458,1.3,0.05,0.9,4.0,4.833,1.786,36.9,1.62,0.548,0.476,87.0,42,6,13.4,0.2,4.9,1.1,0.4,3.071,0.881,28.7,0.67,1629216
459,0.5,0.03,0.8,4.4,4.313,1.969,45.7,1.06,0.531,0.344,64.7,32,0,12.1,0.1,5.5,0.9,0.19,3.469,1.219,35.1,0.19,1629622
460,3.4,0.35,4.4,14.4,13.063,5.583,42.7,1.27,2.292,1.854,80.9,48,14,30.7,0.5,14.9,4.9,0.71,5.458,1.875,34.4,1.9,1629639
461,0.5,0.27,1.4,3.0,2.8,0.967,34.5,1.73,0.333,0.1,30.0,30,9,12.8,0.6,2.4,2.0,0.27,1.567,0.4,25.5,0.43,1629644
462,0.5,0.47,2.3,6.5,3.764,2.036,54.1,1.6,1.873,0.964,51.5,55,3,12.4,1.3,5.0,3.6,0.33,0.0,0.0,0.0,0.75,1630173
463,0.6,1.28,4.3,11.3,6.222,3.5,56.3,2.03,2.194,1.139,51.9,36,4,15.2,1.7,8.1,6.0,0.25,0.028,0.0,0.0,1.11,202355
464,3.5,0.18,5.5,19.1,11.0,5.429,49.4,1.32,4.125,3.411,82.7,56,56,36.4,1.1,15.9,6.6,0.77,4.339,1.643,37.9,1.59,203084
465,1.1,0.57,2.1,8.3,5.214,2.357,45.2,2.64,1.357,1.143,84.2,14,8,22.6,0.6,6.6,2.7,1.0,2.571,0.786,30.6,0.64,203090
466,2.1,0.07,2.0,9.8,6.071,2.714,44.7,0.71,1.643,1.5,91.3,14,0,20.7,0.6,7.9,2.6,1.21,2.286,1.0,43.8,0.64,1626153
467,1.7,1.64,6.4,21.9,9.26,5.94,64.1,3.64,2.76,2.2,79.7,50,50,30.0,2.6,14.1,9.0,0.68,0.2,0.04,20.0,1.22,1626158
468,3.1,0.4,4.1,15.1,14.052,5.672,40.4,2.53,1.483,1.241,83.7,58,58,34.3,0.4,16.6,4.5,0.83,10.397,4.0,38.5,1.72,1627741
469,0.8,0.75,2.8,7.8,2.0,1.25,62.5,1.75,1.75,1.25,71.4,4,2,15.5,1.0,3.8,3.8,0.75,0.0,0.0,0.0,0.75,1627745
470,7.2,0.47,2.9,22.8,19.138,9.121,47.7,2.93,7.19,5.172,71.9,58,58,35.1,0.6,25.2,3.5,1.5,5.517,1.776,32.2,3.0,1628368
471,0.9,0.51,5.0,15.0,11.243,5.649,50.2,2.43,2.946,1.649,56.0,37,37,25.7,2.5,13.9,7.5,0.49,2.595,0.919,35.4,1.32,1628963
472,0.7,0.5,1.6,6.5,3.615,2.077,57.4,1.5,1.0,0.654,65.4,26,0,9.7,1.0,4.9,2.6,0.27,0.385,0.115,30.0,0.58,1629002
473,1.1,0.21,1.9,6.9,6.929,3.0,43.3,1.43,0.786,0.571,72.7,14,0,17.8,0.2,8.1,2.1,0.64,4.286,1.571,36.7,1.14,1629056
474,0.9,0.0,0.9,3.0,2.636,1.0,37.9,0.64,0.545,0.455,83.3,22,0,6.9,0.1,2.9,1.0,0.18,1.455,0.455,31.3,0.18,1629657
475,0.6,0.04,0.3,1.5,1.615,0.692,42.9,0.38,0.462,0.192,41.7,26,0,5.8,0.1,1.8,0.4,0.12,0.654,0.192,29.4,0.23,1629713
476,0.0,0.25,0.5,0.5,0.75,0.25,33.3,1.0,0.0,0.0,0.0,4,0,2.3,0.0,0.5,0.5,0.0,0.0,0.0,0.0,0.25,1629735
477,5.1,0.51,2.3,15.4,10.321,4.868,47.2,1.55,0.943,0.792,84.0,53,15,29.8,0.7,12.6,3.0,1.3,5.0,2.075,41.5,1.47,1630169
478,0.2,0.2,0.8,2.0,1.0,0.6,60.0,0.0,0.0,0.0,0.0,5,0,3.4,0.0,1.4,0.8,0.0,0.6,0.2,33.3,0.2,1630186
479,0.0,0.18,0.7,1.6,1.273,0.636,50.0,0.18,0.727,0.273,37.5,11,0,2.6,0.3,1.6,1.0,0.0,0.364,0.091,25.0,0.09,1630218
480,7.2,0.26,4.8,20.2,12.786,5.476,42.8,3.14,3.524,3.095,87.8,42,42,34.7,0.8,16.7,5.6,1.02,6.976,2.643,37.9,2.81,200768
481,0.9,0.4,3.4,8.2,5.62,2.42,43.1,2.26,0.74,0.54,73.0,50,31,18.2,1.7,5.8,5.1,0.3,1.86,0.44,23.7,0.86,203382
482,0.4,0.3,1.5,4.4,4.6,1.7,37.0,1.1,1.1,1.0,90.9,10,0,15.7,0.3,5.2,1.8,0.1,2.4,0.8,33.3,0.4,203918
483,1.1,1.43,3.6,13.6,6.429,3.571,55.6,2.14,2.143,1.143,53.3,7,5,26.3,2.7,8.7,6.3,0.71,1.0,0.429,42.9,0.86,203920
484,1.2,0.32,1.9,5.4,2.94,1.16,39.5,1.78,0.58,0.48,82.8,50,6,14.6,0.4,3.4,2.3,0.76,1.74,0.6,34.5,0.78,1626169
485,2.0,0.36,2.0,7.5,3.897,2.077,53.3,1.51,1.103,0.769,69.8,39,11,18.1,0.6,5.2,2.6,0.79,0.846,0.231,27.3,1.31,1627761
486,4.7,0.71,5.6,22.6,16.625,7.542,45.4,3.25,5.563,4.667,83.9,48,48,35.7,1.7,21.0,7.3,1.1,4.354,1.292,29.7,2.17,1627783
487,6.2,0.77,3.6,20.2,16.362,6.447,39.4,2.4,3.787,3.362,88.8,47,47,36.1,0.6,19.6,4.2,1.7,8.979,3.34,37.2,1.89,1627832
488,2.0,0.72,4.3,16.9,11.564,5.538,47.9,2.77,2.41,1.872,77.7,39,39,33.2,1.3,15.4,5.6,1.56,6.0,2.41,40.2,1.79,1628384
489,1.1,1.86,4.8,17.9,9.237,4.797,51.9,2.78,3.186,2.508,78.7,59,13,24.0,2.0,13.6,6.8,0.58,3.831,1.492,38.9,0.78,1628449
490,0.6,0.11,1.5,4.7,3.037,1.407,46.3,1.33,0.296,0.185,62.5,27,2,11.0,0.1,4.1,1.6,0.22,2.37,1.111,46.9,0.33,1628778
491,1.4,0.21,3.4,12.5,14.929,6.214,41.6,1.5,1.143,0.929,81.3,14,12,31.2,0.1,15.9,3.5,1.21,7.071,2.571,36.4,0.71,1629018
492,0.7,0.39,2.4,6.5,3.22,1.439,44.7,1.12,0.561,0.463,82.6,41,1,13.4,0.8,4.0,3.2,0.49,1.561,0.634,40.6,0.37,1629139
493,2.6,0.14,1.8,6.2,5.886,2.086,35.4,1.14,0.743,0.543,73.1,35,6,16.7,0.2,5.6,2.0,0.71,2.8,0.886,31.6,0.77,1630201
494,0.5,0.0,0.5,1.3,1.0,0.25,25.0,0.5,0.0,0.0,0.0,4,0,3.5,0.3,0.8,0.8,0.25,0.5,0.25,50.0,0.25,1630223
495,0.6,1.25,2.0,9.5,3.875,2.375,61.3,1.88,1.0,0.875,87.5,8,0,16.9,1.6,5.6,3.6,0.5,0.0,0.0,0.0,0.5,1630273
