,assists,blocks,defRebs,fga,fgm,fgpct,fouls,fta,ftm,ftpct,mins,offRebs,points,rebs,secs,steals,tpa,tpm,tppct,turnovers,technicalFouls,efficiency,playerId
0,5,2,17,22,8,36.4,10,0,0,0.0,154,9,22,26,0,3,15,6,40.0,2,0,4.7,200782
1,42,81,209,514,248,48.2,118,103,88,85.4,1575,81,674,290,0,35,255,90,35.3,51,4,13.6,201572
2,264,24,152,635,319,50.2,76,95,78,82.1,1497,58,805,210,0,84,222,89,40.1,99,0,20.3,201950
3,37,3,16,51,23,45.1,10,22,19,86.4,188,3,69,19,0,2,14,4,28.6,10,0,8.1,201952
4,312,9,292,883,422,47.8,135,193,172,89.1,1894,46,1141,338,0,64,293,125,42.7,153,2,21.6,203114
5,302,63,480,908,514,56.6,136,499,339,67.9,1678,86,1421,566,0,59,180,54,30.0,184,3,33.5,203507
6,42,10,65,126,66,52.4,66,39,18,46.2,490,52,157,117,0,19,24,7,29.2,40,2,4.8,203648
7,60,22,286,501,265,52.9,94,52,39,75.0,1164,100,634,386,0,41,135,65,48.1,46,1,15.4,1626171
8,69,19,219,321,145,45.2,85,35,26,74.3,1294,56,402,275,0,38,221,86,38.9,27,0,10.6,1626192
9,4,3,6,11,4,36.4,6,7,5,71.4,61,0,14,6,0,2,2,1,50.0,0,0,2.5,1626253
10,36,0,74,431,198,45.9,61,52,40,76.9,1111,10,558,84,0,18,278,122,43.9,35,0,7.2,1627854
11,0,0,0,0,0,0.0,0,0,0,0.0,0,0,0,0,0,0,0,0,0.0,0,0,0.0,1628382
12,173,10,238,509,212,41.7,87,56,41,73.2,1507,69,574,307,0,62,285,109,38.2,78,0,13.4,1628978
13,4,0,6,8,5,62.5,8,2,2,100.0,34,3,15,9,0,3,4,3,75.0,4,0,4.8,1629066
14,6,5,21,29,12,41.4,12,6,6,100.0,102,6,31,27,0,4,7,1,14.3,3,0,4.4,1629603
15,7,5,40,108,48,44.4,19,21,17,81.0,227,4,137,44,0,14,52,24,46.2,20,0,4.9,1629670
16,20,1,21,62,30,48.4,15,4,4,100.0,199,6,84,27,0,5,41,20,48.8,10,0,3.5,1630241
17,2,2,13,31,12,38.7,16,3,3,100.0,87,4,37,17,0,7,24,10,41.7,4,0,4.2,101141
18,286,8,127,604,268,44.4,94,131,113,86.3,1428,33,780,160,0,67,320,131,40.9,94,0,17.8,201144
19,40,58,189,206,127,61.7,125,73,54,74.0,866,114,308,303,0,29,2,0,0.0,33,0,10.8,202324
20,113,3,200,730,310,42.5,96,200,174,87.0,1834,33,942,233,0,34,382,148,38.7,93,6,13.1,202711
21,76,165,602,483,324,67.1,141,325,201,61.8,1833,202,849,804,0,31,3,0,0.0,96,9,26.2,203497
22,123,9,183,846,357,42.2,86,103,95,92.2,1457,40,979,223,0,48,487,170,34.9,95,2,14.1,203903
23,242,11,179,443,229,51.7,103,70,60,85.7,1505,23,674,202,0,38,320,156,48.8,90,5,15.5,204060
24,149,29,344,326,143,43.9,157,42,36,85.7,1886,72,409,416,0,45,232,87,37.5,66,3,13.4,1626220
25,45,7,124,298,129,43.3,93,9,9,100.0,872,21,356,145,0,17,217,89,41.0,43,0,6.0,1627777
26,277,15,185,1091,478,43.8,117,316,267,84.5,1771,50,1401,235,0,52,461,178,38.6,147,5,22.1,1628378
27,0,4,9,7,4,57.1,8,6,4,66.7,49,4,12,13,0,1,0,0,0.0,3,0,1.8,1628962
28,16,8,51,85,30,35.3,51,6,5,83.3,400,19,90,70,0,6,75,25,33.3,15,0,2.7,1629671
29,6,2,14,33,15,45.5,14,2,2,100.0,94,6,39,20,0,3,20,7,35.0,3,0,2.3,1629714
30,5,0,9,33,10,30.3,5,0,0,0.0,70,2,23,11,0,1,21,3,14.3,5,0,1.3,1629744
31,7,0,16,22,11,50.0,18,7,3,42.9,114,7,28,23,0,4,11,3,27.3,3,0,1.9,1629752
32,4,1,7,22,8,36.4,1,4,3,75.0,46,0,25,7,0,1,17,6,35.3,6,0,1.3,1630190
33,20,1,8,20,8,40.0,5,2,2,100.0,107,0,18,8,0,4,3,0,0.0,8,0,1.7,1630235
34,30,14,37,97,40,41.2,33,24,17,70.8,299,8,107,45,0,10,36,10,27.8,17,0,11.4,201949
35,217,17,176,591,242,40.9,97,144,104,72.2,1761,24,694,200,0,42,301,106,35.2,95,2,11.6,202339
36,0,0,3,7,3,42.9,0,0,0,0.0,24,1,8,4,0,0,6,2,33.3,1,0,2.3,203263
37,107,37,293,303,188,62.0,112,133,59,44.4,1568,212,435,505,0,53,3,0,0.0,78,3,15.5,203500
38,33,17,143,179,99,55.3,42,56,36,64.3,561,82,235,225,0,11,9,1,11.1,19,0,11.2,1626195
39,268,35,241,1003,472,47.1,110,297,263,88.6,1900,30,1336,271,0,38,340,129,37.9,138,1,22.6,1627742
40,259,26,165,559,235,42.0,91,48,38,79.2,1432,25,647,190,0,64,364,139,38.2,94,0,16.5,1628366
41,109,12,324,344,151,43.9,111,89,69,77.5,1350,53,434,377,0,38,193,63,32.6,49,1,15.1,1628404
42,5,1,29,36,14,38.9,19,15,12,80.0,188,5,42,34,0,5,16,2,12.5,11,0,4.3,1628411
43,6,1,10,14,4,28.6,5,7,4,57.1,61,8,14,18,0,1,7,2,28.6,8,0,1.9,1629117
44,199,36,255,927,572,61.7,127,473,331,70.0,1814,146,1484,401,0,49,30,9,30.0,144,0,27.8,1629627
45,26,23,123,183,118,64.5,83,81,62,76.5,710,63,301,186,0,18,7,3,42.9,31,2,9.1,1629637
46,81,21,116,378,158,41.8,77,52,39,75.0,851,10,420,126,0,40,187,65,34.8,57,1,9.7,1629638
47,98,8,40,267,106,39.7,62,33,26,78.8,684,9,271,49,0,31,96,33,34.4,25,0,6.3,1630184
48,51,6,66,95,35,36.8,35,52,34,65.4,379,5,117,71,0,13,41,13,31.7,15,0,8.3,1630230
49,92,37,419,607,352,58.0,143,168,130,77.4,1402,209,850,628,0,26,48,16,33.3,84,7,25.1,202685
50,202,46,290,540,248,45.9,102,145,113,77.9,1535,44,683,334,0,70,216,74,34.3,69,2,16.8,203937
51,226,5,101,366,160,43.7,26,36,33,91.7,1064,20,392,121,0,59,124,39,31.5,42,0,9.7,1626145
52,34,8,70,163,56,34.4,37,18,10,55.6,384,14,128,84,0,13,42,6,14.3,30,1,6.4,1626159
53,129,19,114,820,344,42.0,187,139,116,83.5,1593,44,906,158,0,64,295,102,34.6,100,7,12.5,1628415
54,99,7,131,383,164,42.8,65,84,72,85.7,1153,15,504,146,0,44,257,104,40.5,46,2,11.6,1628960
55,2,5,7,25,14,56.0,9,10,9,90.0,43,4,38,11,0,1,6,1,16.7,1,0,22.0,1628991
56,100,19,95,304,145,47.7,65,39,30,76.9,776,25,392,120,0,49,159,72,45.3,45,0,12.3,1629001
57,1,0,7,8,3,37.5,6,0,0,0.0,22,2,8,9,0,2,6,2,33.3,5,0,1.4,1629007
58,371,9,140,765,348,45.5,70,299,219,73.2,1611,48,968,188,0,44,182,53,29.1,153,5,18.6,1629630
59,83,39,191,424,220,51.9,73,93,62,66.7,1207,72,521,263,0,49,64,19,29.7,28,0,14.4,1629634
60,4,7,11,39,12,30.8,15,5,4,80.0,117,6,34,17,0,5,24,6,25.0,1,0,2.9,1629681
61,37,7,70,103,47,45.6,35,24,20,83.3,465,25,129,95,0,29,41,15,36.6,16,0,6.5,1629723
62,64,27,150,258,142,55.0,106,47,31,66.0,917,63,333,213,0,39,56,18,32.1,33,0,10.6,1630214
63,92,10,144,396,188,47.5,105,42,35,83.3,1197,20,506,164,0,33,207,95,45.9,48,0,10.0,1630217
64,4,3,13,33,13,39.4,8,8,8,100.0,156,6,39,19,0,2,22,5,22.7,4,0,2.5,1630253
65,100,13,54,291,134,46.0,30,57,48,84.2,646,8,339,62,0,24,63,23,36.5,32,1,13.6,201565
66,25,33,110,115,70,60.9,72,45,31,68.9,691,76,174,186,0,26,14,3,21.4,20,1,10.7,201959
67,96,12,179,444,184,41.4,91,111,96,86.5,1134,19,553,198,0,30,218,89,40.8,44,0,13.0,202692
68,39,118,229,190,117,61.6,147,59,41,69.5,1283,124,275,353,0,55,2,0,0.0,59,1,12.8,203457
69,79,9,169,450,198,44.0,119,38,34,89.5,1558,12,559,181,0,42,317,129,40.7,38,1,10.7,203493
70,0,3,6,4,3,75.0,0,2,1,50.0,26,1,7,7,0,1,0,0,0.0,0,0,4.0,203658
71,178,9,125,561,247,44.0,96,100,69,69.0,1314,63,589,188,0,40,92,26,28.3,91,1,10.9,203901
72,360,15,554,1097,507,46.2,190,365,294,80.5,2251,76,1440,630,0,58,317,132,41.6,208,9,27.2,203944
73,15,2,20,65,24,36.9,38,16,8,50.0,261,5,74,25,0,15,38,18,47.4,10,0,3.0,1628373
74,18,6,50,138,55,39.9,37,18,14,77.8,452,10,158,60,0,11,87,34,39.1,16,0,3.9,1628995
75,17,45,139,176,115,65.3,86,53,26,49.1,853,113,256,252,0,35,0,0,0.0,26,0,15.8,1629011
76,1,0,2,9,1,11.1,4,0,0,0.0,31,0,2,2,0,0,8,0,0.0,1,0,-0.3,1629033
77,0,0,0,2,0,0.0,0,2,2,100.0,9,0,2,0,0,0,0,0,0.0,2,0,-0.5,1629607
78,0,0,0,0,0,0.0,0,0,0,0.0,0,0,0,0,0,0,0,0,0.0,0,0,0.0,1629619
79,180,16,286,892,399,44.7,161,242,180,74.4,2098,64,1071,350,0,45,240,93,38.8,123,0,16.1,1629628
80,24,11,94,171,83,48.5,47,22,16,72.7,565,21,203,115,0,12,71,21,29.6,21,0,4.9,1630167
81,117,11,100,521,204,39.2,99,157,140,89.2,1093,23,653,123,0,26,270,105,38.9,50,1,9.8,1630193
82,94,26,159,360,162,45.0,48,22,18,81.8,782,29,398,188,0,25,152,56,36.8,29,0,17.9,201143
83,28,11,113,267,119,44.6,54,36,33,91.7,645,19,339,132,0,8,184,68,37.0,21,0,9.9,203488
84,12,11,62,90,58,64.4,25,30,22,73.3,282,34,138,96,0,8,2,0,0.0,21,0,13.6,1628396
85,207,23,147,565,287,50.8,70,229,185,80.8,1180,19,830,166,0,27,170,71,41.8,106,0,23.6,1628983
86,35,5,55,175,80,45.7,18,15,10,66.7,479,12,199,67,0,14,86,29,33.7,34,0,9.3,1629004
87,132,14,173,357,188,52.7,126,57,33,57.9,1274,79,454,252,0,45,101,45,44.6,63,1,10.7,1629026
88,68,24,292,531,213,40.1,46,121,87,71.9,1371,33,580,325,0,26,232,67,28.9,87,0,13.3,1629647
89,5,33,155,186,101,54.3,66,94,59,62.8,629,102,261,257,0,20,0,0,0.0,30,1,13.7,1629650
90,73,18,139,552,222,40.2,115,139,103,74.1,1366,32,645,171,0,44,283,98,34.6,68,1,11.2,1629652
91,8,2,22,44,21,47.7,14,21,17,81.0,165,12,59,34,0,6,5,0,0.0,14,0,6.8,1629658
92,99,4,66,229,96,41.9,47,25,18,72.0,650,10,265,76,0,16,139,55,39.6,38,0,10.4,1629660
93,92,33,202,344,172,50.0,133,96,69,71.9,1160,77,441,279,0,41,82,28,34.1,91,0,12.2,1629676
94,190,7,165,498,185,37.1,114,103,76,73.8,1496,22,535,187,0,48,254,89,35.0,115,0,9.5,1630177
95,75,41,148,317,104,32.8,45,30,24,80.0,865,25,277,173,0,16,170,45,26.5,73,0,7.8,1630197
96,18,0,27,45,9,20.0,21,29,17,58.6,174,1,37,28,0,0,20,2,10.0,16,0,1.4,1630221
97,0,0,0,0,0,0.0,0,0,0,0.0,0,0,0,0,0,0,0,0,0.0,0,0,0.0,1630466
98,41,1,16,139,57,41.0,12,32,29,90.6,304,3,157,19,0,7,33,14,42.4,22,0,9.1,101150
99,56,7,151,380,162,42.6,82,138,129,93.5,957,12,539,163,0,22,211,86,40.8,38,0,13.1,201568
100,51,10,79,147,76,51.7,62,11,11,100.0,839,15,219,94,0,9,98,56,57.1,18,0,7.4,203503
101,57,10,129,258,96,37.2,98,34,25,73.5,1250,34,279,163,0,44,187,62,33.2,35,2,5.9,203524
102,42,114,511,586,354,60.4,120,190,110,57.9,1586,253,818,764,0,38,0,0,0.0,62,0,27.0,203991
103,111,9,113,420,191,45.5,78,34,31,91.2,1000,17,515,130,0,32,244,102,41.8,41,0,15.0,203992
104,0,0,0,0,0,0.0,0,0,0,0.0,0,0,0,0,0,0,0,0,0.0,0,0,0.0,1627739
105,69,51,286,650,356,54.8,162,164,137,83.5,1528,107,912,393,0,25,167,63,37.7,65,3,20.9,1628381
106,9,3,51,28,12,42.9,20,18,12,66.7,180,13,36,64,0,2,2,0,0.0,18,1,2.7,1628981
107,214,15,168,642,278,43.3,144,58,46,79.3,1884,34,729,202,0,74,344,127,36.9,70,0,13.1,1628989
108,516,11,177,962,413,42.9,100,476,416,87.4,1849,35,1365,212,0,48,345,123,35.7,228,6,24.4,1629027
109,76,0,51,187,74,39.6,34,39,26,66.7,522,8,204,59,0,14,88,30,34.1,28,0,4.9,1629164
110,35,9,82,263,96,36.5,68,82,67,81.7,750,22,292,104,0,33,126,33,26.2,34,1,9.9,1629629
111,42,10,86,223,112,50.2,53,75,65,86.7,625,16,320,102,0,18,87,31,35.6,27,2,17.2,1629631
112,9,24,75,99,61,61.6,76,45,28,62.2,426,40,150,115,0,16,2,0,0.0,18,0,6.3,1630168
113,21,0,17,71,28,39.4,13,25,22,88.0,199,9,88,26,0,12,29,10,34.5,7,0,3.5,1630219
114,6,7,32,78,29,37.2,20,41,33,80.5,225,22,96,54,0,8,25,5,20.0,15,0,3.7,1630233
115,48,53,331,244,143,58.6,173,174,100,57.5,1009,155,390,486,0,26,16,4,25.0,99,16,12.6,2730
116,2,1,3,6,0,0.0,5,0,0,0.0,40,3,0,6,0,3,4,0,0.0,2,0,1.3,201229
117,5,3,6,20,10,50.0,4,5,3,60.0,79,2,25,8,0,1,4,2,50.0,5,1,6.3,201588
118,102,50,170,462,194,42.0,109,35,27,77.1,1669,50,566,220,0,78,365,151,41.4,60,2,11.5,201980
119,185,45,315,773,401,51.9,103,177,157,88.7,1686,49,1030,364,0,46,176,71,40.3,96,4,23.2,202699
120,29,7,96,171,64,37.4,63,12,8,66.7,721,9,181,105,0,21,131,45,34.4,18,0,5.2,203118
121,131,8,89,463,207,44.7,80,67,60,89.6,1357,9,568,98,0,36,225,94,41.8,57,2,11.1,203552
122,129,58,361,755,387,51.3,98,478,407,85.1,1316,94,1229,455,0,41,128,48,37.5,130,3,32.8,203954
123,341,31,287,501,273,54.5,147,265,163,61.5,1597,80,712,367,0,77,10,3,30.0,159,5,21.6,1627732
124,62,8,85,368,150,40.8,55,79,58,73.4,928,12,446,97,0,44,231,88,38.1,42,0,8.0,1627788
125,154,13,91,571,256,44.8,112,151,126,83.4,1248,29,697,120,0,33,172,59,34.3,93,4,11.2,1629003
126,54,58,85,210,86,41.0,112,16,8,50.0,1145,29,217,114,0,88,124,37,29.8,24,1,6.6,1629680
127,4,0,7,8,4,50.0,4,14,12,85.7,40,1,22,8,0,1,3,2,66.7,2,0,2.5,1629730
128,83,9,69,349,156,44.7,62,50,43,86.0,753,9,377,78,0,19,84,22,26.2,33,0,6.5,1630178
129,6,7,18,47,23,48.9,18,4,1,25.0,115,15,47,33,0,5,6,0,0.0,8,1,3.5,1630194
130,17,4,23,97,32,33.0,27,16,12,75.0,293,6,101,29,0,8,76,25,32.9,7,0,2.6,1630198
131,3,0,1,7,4,57.1,0,7,5,71.4,21,3,14,4,0,0,2,1,50.0,0,0,3.2,1630222
132,108,21,143,616,254,41.2,88,138,120,87.0,1347,15,717,158,0,47,264,89,33.7,74,2,13.0,203082
133,129,17,100,270,105,38.9,81,80,49,61.3,800,39,274,139,0,25,61,15,24.6,69,4,10.3,203487
134,5,0,14,25,9,36.0,4,5,5,100.0,66,0,24,14,0,4,9,1,11.1,0,0,10.3,203490
135,59,7,116,236,112,47.5,81,81,66,81.5,947,42,334,158,0,32,101,44,43.6,33,1,10.7,203516
136,16,3,6,65,24,36.9,13,28,23,82.1,179,3,80,9,0,3,18,9,50.0,8,0,8.1,203914
137,53,2,45,139,54,38.8,46,23,19,82.6,548,3,157,48,0,13,81,30,37.0,32,0,5.4,1626184
138,43,2,20,104,41,39.4,18,19,17,89.5,215,5,103,25,0,8,16,4,25.0,18,0,12.3,1628365
139,0,0,0,0,0,0.0,0,0,0,0.0,0,0,0,0,0,0,0,0,0.0,0,0,0.0,1628371
140,70,4,158,566,226,39.9,88,127,107,84.3,1482,19,613,177,0,33,175,54,30.9,38,5,8.5,1628407
141,18,35,115,202,96,47.5,61,36,23,63.9,457,50,243,165,0,6,79,28,35.4,23,0,9.3,1628964
142,23,12,76,128,74,57.8,30,49,35,71.4,365,39,188,115,0,15,17,5,29.4,19,1,20.5,1628976
143,3,3,6,15,6,40.0,7,8,7,87.5,66,3,22,9,0,1,10,3,30.0,2,0,5.2,1629606
144,93,21,130,288,116,40.3,45,37,28,75.7,1045,40,301,170,0,40,125,41,32.8,33,0,9.8,1629643
145,6,6,9,8,5,62.5,4,11,7,63.6,56,8,17,17,0,3,0,0,0.0,2,0,10.0,1629743
146,1,1,5,28,11,39.3,8,7,6,85.7,73,0,34,5,0,5,16,6,37.5,2,0,3.7,1629962
147,144,15,123,380,147,38.7,70,80,66,82.5,906,29,396,152,0,23,119,36,30.3,65,1,12.3,1630175
148,22,4,48,121,52,43.0,21,25,15,60.0,317,9,128,57,0,12,35,9,25.7,21,0,8.8,1630181
149,568,18,492,985,433,44.0,147,328,205,62.5,1852,86,1139,578,0,68,214,68,31.8,262,13,27.6,201566
150,50,36,112,341,214,62.8,96,116,81,69.8,1166,118,514,230,0,14,18,5,27.8,63,3,10.5,201577
151,129,8,88,192,79,41.1,40,23,12,52.2,626,14,181,102,0,20,32,11,34.4,31,0,9.2,202397
152,39,10,118,366,151,41.3,108,87,77,88.5,1083,15,513,133,0,26,329,134,40.7,26,7,10.7,202722
153,233,19,184,1131,546,48.3,117,389,350,90.0,1773,57,1554,241,0,60,321,112,34.9,165,4,26.4,203078
154,38,47,131,207,131,63.3,93,91,56,61.5,707,52,322,183,0,13,17,4,23.5,44,0,10.2,203458
155,116,4,100,368,169,45.9,85,57,48,84.2,1108,23,438,123,0,61,139,52,37.4,45,2,9.2,203526
156,15,8,43,91,59,64.8,31,24,16,66.7,271,18,143,61,0,4,21,9,42.9,11,1,18.0,1628418
157,5,0,24,37,14,37.8,10,11,9,81.8,121,3,40,27,0,3,11,3,27.3,9,0,5.9,1628990
158,71,4,226,525,245,46.7,102,141,107,75.9,1492,41,634,267,0,39,117,37,31.6,61,0,13.6,1629060
159,22,8,47,78,30,38.5,59,8,5,62.5,418,18,78,65,0,11,46,13,28.3,21,0,3.0,1629067
160,4,20,41,70,46,65.7,14,33,20,60.6,176,21,112,62,0,6,0,0,0.0,9,0,15.8,1629655
161,25,6,62,205,85,41.5,90,76,68,89.5,911,14,304,76,0,26,169,66,39.1,9,0,5.7,1629726
162,63,15,240,312,130,41.7,140,45,29,64.4,1257,22,342,262,0,32,168,53,31.5,33,0,8.9,1630166
163,11,1,9,31,13,41.9,8,6,5,83.3,92,0,39,9,0,2,16,8,50.0,1,0,2.3,1630216
164,5,2,25,26,11,42.3,12,5,4,80.0,116,12,29,37,0,5,14,3,21.4,5,0,3.0,1630264
165,80,33,162,323,157,48.6,94,85,60,70.6,997,65,417,227,0,39,120,43,35.8,43,0,12.0,200794
166,1,3,15,18,10,55.6,15,4,2,50.0,55,7,22,22,0,2,1,0,0.0,8,1,6.4,201580
167,5,1,8,16,7,43.8,5,4,3,75.0,65,1,20,9,0,0,10,3,30.0,1,0,8.0,203085
168,181,23,187,608,259,42.6,95,121,95,78.5,1736,39,711,226,0,50,257,98,38.1,96,1,12.9,203115
169,36,17,159,299,141,47.2,119,45,38,84.4,878,69,385,228,0,24,158,65,41.1,44,2,10.2,203210
170,37,9,53,125,65,52.0,21,28,21,75.0,397,19,164,72,0,12,44,13,29.5,20,0,13.8,203932
171,524,39,478,1090,619,56.8,159,299,255,85.3,2115,175,1574,653,0,83,200,81,40.5,187,5,36.2,203999
172,231,13,157,792,378,47.7,95,153,133,86.9,1704,37,1018,194,0,64,316,129,40.8,108,0,20.4,1627750
173,2,0,3,13,7,53.8,6,1,1,100.0,67,1,15,4,0,6,1,0,0.0,2,0,3.8,1627885
174,82,20,135,303,129,42.6,79,61,39,63.9,947,34,339,169,0,31,126,42,33.3,40,0,9.0,1628408
175,141,13,84,365,174,47.7,45,71,56,78.9,1151,11,453,95,0,31,130,49,37.7,32,1,11.3,1628420
176,10,2,30,42,17,40.5,14,8,7,87.5,180,6,46,36,0,9,22,5,22.7,12,0,2.0,1628427
177,51,49,295,642,347,54.0,102,111,86,77.5,1554,84,912,379,0,30,298,132,44.3,55,0,20.9,1629008
178,7,10,18,45,23,51.1,12,12,7,58.3,124,0,62,18,0,3,20,9,45.0,12,0,2.3,1629626
179,8,4,44,91,44,48.4,26,15,12,80.0,357,13,120,57,0,6,52,20,38.5,7,1,3.6,1630192
180,10,0,11,50,13,26.0,14,2,1,50.0,95,0,33,11,0,2,35,6,17.1,7,0,0.4,1630210
181,165,11,73,232,87,37.5,111,58,49,84.5,1077,16,284,89,0,56,165,61,37.0,53,0,7.4,1630267
182,232,32,207,535,309,57.8,132,85,54,63.5,1345,135,682,342,0,64,36,10,27.8,112,1,17.6,201152
183,95,20,104,306,127,41.5,99,40,33,82.5,1179,22,342,126,0,36,163,55,33.7,46,1,8.8,202066
184,1,0,9,3,0,0.0,3,2,2,100.0,24,0,2,9,0,0,2,0,0.0,2,0,2.3,202329
185,63,13,137,302,155,51.3,35,34,29,85.3,541,36,378,173,0,17,90,39,43.3,26,2,27.4,202696
186,236,11,92,278,141,50.7,77,63,56,88.9,1119,23,377,115,0,39,103,39,37.9,82,1,11.5,203107
187,269,27,238,1030,521,50.6,124,276,234,84.8,1867,32,1458,270,0,43,437,182,41.6,193,4,25.0,203897
188,8,0,8,7,4,57.1,7,10,6,60.0,58,6,14,14,0,2,1,0,0.0,4,0,2.1,1626245
189,88,6,159,371,141,38.0,58,14,13,92.9,934,21,367,180,0,29,220,72,32.7,36,0,7.6,1627756
190,48,0,52,99,39,39.4,42,16,12,75.0,383,5,108,57,0,8,57,18,31.6,7,0,4.3,1627853
191,37,12,185,432,207,47.9,59,79,66,83.5,1072,28,575,213,0,18,239,95,39.7,42,0,14.4,1628374
192,29,9,53,108,55,50.9,27,27,17,63.0,350,21,136,74,0,8,39,9,23.1,17,1,11.7,1628464
193,10,2,35,55,29,52.7,20,6,5,83.3,237,9,71,44,0,7,24,8,33.3,5,0,7.8,1628972
194,259,11,212,729,304,41.7,144,121,111,91.7,1749,23,841,235,0,32,352,122,34.7,126,0,14.3,1629632
195,2,0,1,7,3,42.9,1,0,0,0.0,22,2,6,3,0,1,1,0,0.0,0,0,1.3,1629653
196,5,1,4,17,7,41.2,5,1,0,0.0,51,1,15,5,0,2,9,1,11.1,3,0,1.3,1629690
197,2,2,5,7,1,14.3,3,2,2,100.0,33,2,4,7,0,2,1,0,0.0,4,0,1.2,1629750
198,82,38,224,440,212,48.2,111,94,71,75.5,1663,53,540,277,0,53,118,45,38.1,82,0,11.1,1630172
199,125,31,152,411,223,54.3,48,169,147,87.0,784,9,654,161,0,14,132,61,46.2,89,0,28.6,201142
200,91,23,182,427,203,47.5,96,127,99,78.0,1505,26,583,208,0,31,199,78,39.2,46,0,11.4,201145
201,88,63,284,231,180,77.9,109,79,40,50.6,1160,102,400,386,0,16,1,0,0.0,79,3,15.1,201599
202,34,7,53,89,42,47.2,34,35,27,77.1,288,11,124,64,0,11,38,13,34.2,18,1,11.9,201933
203,374,23,265,587,274,46.7,81,256,222,86.7,1268,30,862,295,0,43,255,92,36.1,139,3,32.7,201935
204,279,27,171,897,454,50.6,117,185,170,91.9,1550,46,1194,217,0,60,303,116,38.3,110,6,27.5,202681
205,9,1,13,16,6,37.5,4,6,6,100.0,64,0,20,13,0,2,7,2,28.6,5,0,10.0,203915
206,112,12,177,618,318,51.5,119,58,45,77.6,1851,37,871,214,0,40,393,190,48.3,48,2,14.8,203925
207,29,0,54,142,56,39.4,31,19,16,84.2,522,5,166,59,0,12,101,38,37.6,13,1,5.3,204020
208,63,6,100,341,123,36.1,96,40,32,80.0,1009,26,350,126,0,32,229,72,31.4,41,2,5.8,1627789
209,2,0,1,8,3,37.5,0,2,1,50.0,21,1,8,2,0,0,1,1,100.0,0,0,6.0,1628455
210,90,21,199,370,202,54.6,129,104,76,73.1,1264,97,496,296,0,52,55,16,29.1,49,2,12.7,1628971
211,9,2,37,49,30,61.2,9,3,3,100.0,127,18,64,55,0,4,5,1,20.0,8,0,8.9,1628993
212,72,5,78,367,151,41.1,74,63,54,85.7,1072,9,461,87,0,25,267,105,39.3,41,0,7.8,1629013
213,65,6,21,88,31,35.2,19,17,13,76.5,232,3,88,24,0,7,42,13,31.0,16,0,5.1,1629185
214,14,6,42,74,31,41.9,36,13,10,76.9,199,24,76,66,0,6,20,4,20.0,14,0,5.1,1629617
215,27,30,89,120,70,58.3,52,46,23,50.0,462,35,164,124,0,19,5,1,20.0,14,1,11.1,1629651
216,47,1,15,48,22,45.8,17,9,9,100.0,167,7,60,22,0,7,19,7,36.8,15,1,10.7,200765
217,68,46,193,347,176,50.7,74,45,37,82.2,919,68,427,261,0,9,108,38,35.2,44,2,15.1,201586
218,137,32,240,371,170,45.8,93,52,44,84.6,1648,47,483,287,0,63,244,99,40.6,50,0,12.8,201587
219,65,24,84,190,82,43.2,97,41,33,80.5,726,27,249,111,0,26,125,52,41.6,27,1,10.7,201976
220,10,1,24,41,20,48.8,14,13,6,46.2,92,12,50,36,0,3,8,4,50.0,16,0,7.0,202326
221,248,21,259,818,392,47.9,109,192,171,89.1,1548,42,1105,301,0,56,350,150,42.9,152,2,24.6,202331
222,22,8,49,133,60,45.1,43,16,12,75.0,472,15,167,64,0,12,91,35,38.5,11,1,5.6,202335
223,50,12,168,501,236,47.1,102,71,57,80.3,1264,30,651,198,0,29,255,122,47.8,43,6,12.9,202694
224,235,20,255,836,431,51.6,76,263,231,87.8,1581,52,1183,307,0,77,229,90,39.3,91,0,28.1,202695
225,183,6,146,496,224,45.2,117,77,62,80.5,1321,23,610,169,0,35,227,100,44.1,63,0,11.3,202704
226,7,0,0,6,2,33.3,1,3,3,100.0,20,0,8,0,0,1,3,1,33.3,0,0,12.0,1627812
227,76,55,285,348,224,64.4,164,154,121,78.6,1391,169,569,454,0,23,3,0,0.0,70,0,15.3,1627826
228,94,9,139,371,177,47.7,85,29,24,82.8,1115,14,470,153,0,20,200,92,46.0,45,1,9.0,1628379
229,22,0,34,94,41,43.6,26,36,25,69.4,371,9,128,43,0,10,51,21,41.2,14,0,3.0,1629599
230,98,13,168,308,148,48.1,116,76,61,80.3,1128,52,390,220,0,26,80,33,41.3,36,0,9.1,1629611
231,6,3,15,26,14,53.8,14,8,5,62.5,95,9,33,24,0,1,1,0,0.0,5,0,2.0,1630187
232,0,0,0,0,0,0.0,0,0,0,0.0,0,0,0,0,0,0,0,0,0.0,0,0,0.0,1630206
233,49,23,229,277,147,53.1,95,104,64,61.5,1046,138,358,367,0,19,3,0,0.0,49,2,13.3,202684
234,191,11,137,580,237,40.9,54,117,109,93.2,1198,11,690,148,0,41,307,107,34.9,80,2,17.1,202689
235,12,4,8,45,16,35.6,12,6,5,83.3,137,1,48,9,0,6,26,11,42.3,6,0,8.6,203095
236,220,19,109,425,174,40.9,99,143,113,79.0,1306,30,542,139,0,59,235,81,34.5,72,2,15.7,203935
237,6,2,11,23,13,56.5,3,2,1,50.0,60,6,27,17,0,1,3,0,0.0,4,0,9.5,203953
238,180,29,242,994,493,49.6,154,224,169,75.4,1811,63,1300,305,0,64,359,145,40.4,144,3,22.2,1627759
239,235,22,361,1102,501,45.5,98,268,233,86.9,1927,37,1392,398,0,64,408,157,38.5,143,5,24.7,1628369
240,35,0,105,200,80,40.0,54,32,24,75.0,876,27,240,132,0,15,145,56,38.6,20,0,5.5,1628400
241,10,11,21,38,16,42.1,10,2,1,50.0,127,6,40,27,0,0,23,7,30.4,2,0,6.3,1628436
242,10,1,19,85,39,45.9,22,9,7,77.8,209,3,98,22,0,5,45,13,28.9,4,0,3.5,1629035
243,83,84,206,239,172,72.0,100,65,42,64.6,888,121,386,327,0,39,2,0,0.0,48,1,16.6,1629057
244,2,12,27,24,18,75.0,16,13,4,30.8,100,11,40,38,0,1,0,0,0.0,4,0,4.9,1629605
245,8,3,15,33,9,27.3,15,3,3,100.0,177,10,24,25,0,4,11,3,27.3,7,0,3.0,1629641
246,36,0,8,41,15,36.6,8,14,13,92.9,124,3,50,11,0,11,18,7,38.9,14,0,3.9,1629682
247,51,19,109,198,83,41.9,133,40,22,55.0,974,41,226,150,0,30,106,38,35.8,48,1,5.7,1629684
248,13,6,60,104,39,37.5,48,16,11,68.8,433,16,114,76,0,9,74,25,33.8,18,0,3.8,1630174
249,99,9,93,326,148,45.4,88,30,27,90.0,1033,29,401,122,0,29,184,78,42.4,45,0,8.0,1630202
250,323,24,299,756,388,51.3,65,239,168,70.3,1388,24,1042,323,0,43,266,98,36.8,152,2,28.4,2544
251,5,1,15,7,2,28.6,7,0,0,0.0,76,4,6,19,0,1,5,2,40.0,2,0,2.3,201162
252,94,54,150,180,80,44.4,101,46,34,73.9,878,35,237,185,0,23,111,43,38.7,52,3,9.5,201188
253,46,15,63,212,71,33.5,70,35,30,85.7,965,14,226,77,0,32,168,54,32.1,22,0,4.6,202083
254,60,17,195,334,142,42.5,96,43,32,74.4,1071,43,378,238,0,18,191,62,32.5,49,6,8.8,202693
255,74,42,151,412,211,51.2,42,140,100,71.4,800,49,539,200,0,32,65,17,26.2,47,0,24.0,203076
256,17,7,69,82,39,47.6,35,33,23,69.7,232,24,101,93,0,15,0,0,0.0,24,2,17.3,203083
257,4,3,12,61,27,44.3,23,16,13,81.3,161,4,85,16,0,1,47,18,38.3,6,0,7.3,203463
258,318,13,168,697,305,43.8,148,235,198,84.3,1792,27,873,195,0,66,189,65,34.4,153,5,15.8,203471
259,88,18,123,416,180,43.3,90,84,72,85.7,1508,23,532,146,0,45,236,100,42.4,55,2,9.6,203484
260,65,43,247,539,334,62.0,112,216,154,71.3,1416,141,822,388,0,40,10,0,0.0,66,7,17.4,1626149
261,126,13,120,240,103,42.9,90,61,41,67.2,1027,25,293,145,0,58,114,46,40.4,61,2,8.3,1627936
262,6,0,29,75,39,52.0,21,17,9,52.9,220,17,101,46,0,5,32,14,43.8,4,0,3.2,1628035
263,98,32,265,647,282,43.6,101,80,54,67.5,1622,99,732,364,0,30,325,114,35.1,100,0,13.4,1628398
264,1,4,15,10,3,30.0,7,13,6,46.2,53,4,12,19,0,2,0,0,0.0,10,0,1.0,1628961
265,137,20,129,417,186,44.6,108,101,82,81.2,1081,21,485,150,0,52,116,31,26.7,80,0,9.3,1629659
266,1,4,20,27,17,63.0,8,9,4,44.4,88,10,38,30,0,5,0,0,0.0,5,1,3.4,1629719
267,75,30,214,501,207,41.3,96,82,66,80.5,1106,36,561,250,0,36,216,81,37.5,51,1,11.6,200752
268,358,13,184,746,367,49.2,102,351,310,88.3,1698,38,1062,222,0,44,70,18,25.7,98,7,23.6,201942
269,136,2,80,526,223,42.4,67,67,61,91.0,1422,17,647,97,0,37,366,140,38.3,54,1,9.9,201988
270,4,1,10,10,4,40.0,8,7,5,71.4,51,2,14,12,0,2,5,1,20.0,2,2,3.8,203476
271,14,1,77,90,43,47.8,13,23,15,65.2,358,9,115,86,0,6,40,14,35.0,6,0,7.0,1626168
272,294,6,347,800,359,44.9,113,112,89,79.5,1772,40,865,387,0,88,174,58,33.3,95,2,19.3,1627749
273,108,104,275,352,221,62.8,140,105,50,47.6,1526,191,492,466,0,37,0,0,0.0,76,0,16.3,1627751
274,125,36,91,446,183,41.0,91,110,94,85.5,1044,13,544,104,0,26,239,84,35.1,45,0,14.6,1628401
275,8,2,20,42,16,38.1,7,15,11,73.3,151,5,48,25,0,9,15,5,33.3,2,0,2.7,1628966
276,77,14,111,464,193,41.6,84,63,50,79.4,1171,10,512,121,0,24,214,76,35.5,54,0,8.7,1629022
277,36,42,126,147,84,57.1,60,84,58,69.0,564,49,227,175,0,13,1,1,100.0,36,0,9.0,1629234
278,98,24,278,572,273,47.7,120,158,114,72.2,1600,82,712,360,0,32,152,52,34.2,63,0,14.6,1629640
279,13,6,42,79,34,43.0,36,24,12,50.0,249,13,89,55,0,7,37,9,24.3,16,0,3.6,1629677
280,5,2,4,16,6,37.5,13,8,7,87.5,76,2,19,6,0,6,2,0,0.0,9,0,1.1,1629683
281,44,14,109,214,87,40.7,68,33,29,87.9,789,19,246,128,0,39,109,43,39.4,18,0,6.6,1630170
282,19,0,8,48,22,45.8,8,9,9,100.0,156,5,55,13,0,6,3,2,66.7,12,0,1.9,1630200
283,91,35,156,675,279,41.3,119,139,122,87.8,1452,30,787,186,0,41,275,107,38.9,58,6,11.5,2546
284,75,41,433,486,297,61.1,150,142,111,78.2,1536,247,705,680,0,28,1,0,0.0,71,2,21.0,202683
285,408,14,199,1091,477,43.7,86,401,370,92.3,1942,26,1541,225,0,49,581,217,37.3,171,4,26.3,203081
286,164,16,121,656,292,44.5,65,94,77,81.9,1153,23,788,144,0,38,327,127,38.8,46,1,21.3,203468
287,97,70,333,423,175,41.4,155,51,42,82.4,1829,46,505,379,0,86,293,113,38.6,61,3,14.4,203496
288,80,22,138,194,96,49.5,73,62,38,61.3,553,50,239,188,0,23,25,9,36.0,48,0,15.9,203994
289,7,2,5,10,4,40.0,10,12,8,66.7,57,7,16,12,0,1,1,0,0.0,2,0,6.5,1626178
290,27,6,32,198,88,44.4,34,63,54,85.7,515,13,259,45,0,23,85,29,34.1,27,1,14.3,1626181
291,43,52,125,291,140,48.1,115,86,55,64.0,1254,76,378,201,0,36,132,43,32.6,29,0,9.6,1627884
292,0,0,0,0,0,0.0,0,0,0,0.0,0,0,0,0,0,0,0,0,0.0,0,0,0.0,1628380
293,23,10,89,75,32,42.7,50,22,15,68.2,308,29,86,118,0,6,15,7,46.7,18,1,5.8,1628385
294,0,0,0,0,0,0.0,0,0,0,0.0,0,0,0,0,0,0,0,0,0.0,0,0,0.0,1628388
295,71,6,101,324,134,41.4,77,47,36,76.6,836,9,400,110,0,13,229,96,41.9,35,0,7.1,1629014
296,4,3,14,49,19,38.8,20,11,7,63.6,153,8,51,22,0,6,27,6,22.2,3,0,2.3,1629604
297,20,13,84,145,68,46.9,46,40,33,82.5,558,30,196,114,0,5,74,27,36.5,14,0,6.4,1629642
298,4,0,2,14,2,14.3,4,0,0,0.0,51,0,4,2,0,2,5,0,0.0,3,0,-0.3,1629833
299,5,1,9,32,15,46.9,4,3,2,66.7,94,1,43,10,0,1,21,11,52.4,8,0,4.9,200755
300,96,9,176,734,317,43.2,86,134,106,79.1,1643,17,901,193,0,25,424,161,38.0,55,5,12.5,203501
301,66,3,38,266,118,44.4,49,40,34,85.0,700,5,317,43,0,27,130,47,36.2,25,0,5.7,203504
302,36,15,105,144,83,57.6,98,84,65,77.4,669,52,236,157,0,27,20,5,25.0,26,1,8.1,203939
303,64,57,284,629,298,47.4,106,133,113,85.0,1224,77,796,361,0,19,240,87,36.3,51,5,22.9,204001
304,29,31,123,142,89,62.7,94,67,44,65.7,678,46,223,169,0,12,9,1,11.1,19,1,9.2,1626161
305,132,21,126,501,215,42.9,117,95,86,90.5,1524,42,588,168,0,42,228,72,31.6,66,1,12.3,1626196
306,7,5,66,102,49,48.0,25,26,20,76.9,217,39,118,105,0,1,6,0,0.0,9,0,7.0,1626246
307,74,21,183,373,171,45.8,114,31,25,80.6,1550,83,461,266,0,42,241,94,39.0,30,3,13.0,1627827
308,59,32,192,239,99,41.4,99,35,32,91.4,1193,41,306,233,0,24,184,76,41.3,28,0,11.2,1628467
309,191,0,174,501,263,52.5,92,135,106,78.5,1403,25,695,199,0,29,161,63,39.1,69,0,14.1,1628973
310,473,34,388,1126,544,48.3,125,396,288,72.7,1898,43,1537,431,0,54,449,161,35.9,232,14,29.8,1629029
311,8,2,26,35,14,40.0,21,5,4,80.0,173,6,39,32,0,3,21,7,33.3,2,0,5.0,1629740
312,6,0,6,16,5,31.3,2,3,1,33.3,56,0,11,6,0,5,7,0,0.0,2,0,1.2,1630179
313,14,3,35,60,26,43.3,20,15,9,60.0,284,18,63,53,0,7,17,2,11.8,15,0,3.0,1630182
314,1,1,8,12,4,33.3,4,4,2,50.0,38,5,10,13,0,0,1,0,0.0,0,0,1.4,1630189
315,4,1,4,20,8,40.0,3,6,4,66.7,48,1,21,5,0,4,6,1,16.7,4,0,1.2,1630207
316,181,14,221,658,311,47.3,74,185,156,84.3,1496,37,863,258,0,52,205,85,41.5,91,0,20.5,202330
317,67,57,168,205,117,57.1,120,90,43,47.8,1107,113,277,281,0,15,1,0,0.0,54,2,9.6,202687
318,49,3,16,78,32,41.0,23,28,24,85.7,241,4,91,20,0,11,19,3,15.8,24,0,7.7,202954
319,73,14,165,253,137,54.2,90,85,63,74.1,797,99,340,264,0,23,25,3,12.0,40,1,14.1,203469
320,222,22,205,899,418,46.5,95,160,132,82.5,1908,30,1153,235,0,71,463,185,40.0,108,3,19.4,1626179
321,61,4,73,322,148,46.0,39,65,53,81.5,694,12,419,85,0,16,165,70,42.4,47,2,11.0,1628370
322,121,43,284,511,258,50.5,123,92,78,84.8,1677,73,691,357,0,40,240,97,40.4,97,0,15.1,1628970
323,248,4,107,565,209,37.0,65,115,94,81.7,1403,18,657,125,0,45,397,145,36.5,69,2,13.5,1628984
324,54,9,95,219,83,37.9,50,49,30,61.2,676,29,222,124,0,32,103,26,25.2,29,2,5.8,1628997
325,73,9,86,161,72,44.7,43,37,22,59.5,733,43,179,129,0,27,49,13,26.5,33,1,6.0,1628998
326,134,68,253,524,227,43.3,135,124,95,76.6,1533,72,632,325,0,50,212,83,39.2,108,2,14.9,1629023
327,34,10,74,186,85,45.7,68,41,30,73.2,574,23,223,97,0,18,69,23,33.3,33,1,7.0,1629667
328,251,14,186,526,237,45.1,116,123,97,78.9,1174,54,652,240,0,65,216,81,37.5,115,1,19.3,1630163
329,2,3,18,28,14,50.0,11,9,8,88.9,93,3,37,21,0,1,7,1,14.3,5,0,3.1,1630176
330,3,0,0,7,4,57.1,0,0,0,0.0,20,0,9,0,0,1,3,1,33.3,1,0,2.3,1630203
331,2,0,7,7,4,57.1,7,11,7,63.6,59,2,15,9,0,0,0,0,0.0,3,0,1.0,1630208
332,1,1,0,7,2,28.6,1,3,3,100.0,24,1,9,1,0,0,7,2,28.6,1,0,1.0,1630268
333,508,12,246,727,354,48.7,134,151,140,92.7,1839,24,929,270,0,84,215,81,37.7,124,8,22.3,101108
334,35,4,29,102,43,42.2,31,10,8,80.0,348,13,102,42,0,14,29,8,27.6,18,0,4.9,202734
335,118,23,236,446,179,40.1,108,67,51,76.1,1508,30,539,266,0,44,341,130,38.1,52,2,11.9,203109
336,55,3,122,293,132,45.1,81,78,68,87.2,719,40,372,162,0,24,118,40,33.9,51,0,9.6,203967
337,24,0,30,122,57,46.7,23,17,17,100.0,381,5,163,35,0,8,71,32,45.1,12,0,4.4,204038
338,54,13,100,177,82,46.3,42,39,22,56.4,493,22,212,122,0,10,65,26,40.0,16,2,8.3,1626163
339,250,15,204,1048,505,48.2,157,308,265,86.0,1846,25,1382,229,0,49,313,107,34.2,176,11,21.1,1626164
340,170,10,98,287,134,46.7,80,41,35,85.4,831,12,351,110,0,28,120,48,40.0,53,0,9.5,1626166
341,19,9,55,116,57,49.1,34,37,28,75.7,355,7,160,62,0,10,43,18,41.9,19,0,7.2,1627846
342,17,8,60,92,48,52.2,32,8,5,62.5,308,22,117,82,0,13,43,16,37.2,12,1,9.4,1628470
343,128,51,195,551,290,52.6,94,105,87,82.9,1916,66,771,261,0,56,257,104,40.5,47,0,15.9,1628969
344,53,8,58,158,67,42.4,48,4,2,50.0,524,12,178,70,0,20,112,42,37.5,11,1,4.8,1628975
345,82,67,436,613,382,62.3,171,152,117,77.0,1809,193,885,629,0,32,20,4,20.0,97,0,22.6,1629028
346,78,16,145,420,186,44.3,77,49,43,87.8,1248,29,524,174,0,31,289,109,37.7,38,0,10.3,1629661
347,2,2,13,29,11,37.9,10,3,1,33.3,88,6,25,19,0,1,11,2,18.2,5,1,1.2,1630188
348,1,1,4,10,2,20.0,1,2,1,50.0,29,1,6,5,0,0,7,1,14.3,1,0,0.3,1630234
349,376,3,160,410,155,37.8,122,132,113,85.6,1492,22,473,182,0,80,166,50,30.1,100,0,13.0,201937
350,21,13,67,44,19,43.2,54,12,10,83.3,293,46,48,113,0,13,0,0,0.0,7,1,7.9,202334
351,153,13,66,481,212,44.1,54,105,84,80.0,860,11,598,77,0,32,221,90,40.7,85,1,16.1,1626156
352,179,55,321,685,336,49.1,139,228,198,86.8,1337,104,966,425,0,27,242,96,39.7,125,2,29.4,1626157
353,88,7,134,600,264,44.0,62,80,68,85.0,1214,28,724,162,0,30,321,128,39.9,60,0,16.3,1627736
354,28,17,51,175,87,49.7,41,37,26,70.3,602,13,221,64,0,29,73,21,28.8,26,0,5.6,1627774
355,27,4,130,228,100,43.9,39,71,47,66.2,700,36,286,166,0,15,125,39,31.2,20,0,7.8,1627823
356,52,23,77,220,88,40.0,107,86,69,80.2,1016,45,270,122,0,48,94,25,26.6,36,1,6.9,1629006
357,67,40,199,186,110,59.1,99,94,53,56.4,912,90,274,289,0,47,4,1,25.0,48,0,10.4,1629020
358,167,6,70,207,82,39.6,35,24,18,75.0,786,17,209,87,0,46,74,27,36.5,43,0,8.3,1629162
359,24,9,70,168,69,41.1,58,48,29,60.4,499,34,180,104,0,17,53,13,24.5,28,0,5.5,1629633
360,59,10,71,318,136,42.8,68,51,42,82.4,714,18,361,89,0,21,139,47,33.8,27,0,8.5,1629669
361,63,62,204,484,250,51.7,148,145,107,73.8,1135,66,655,270,0,30,140,48,34.3,58,2,12.7,1629675
362,164,25,221,1009,405,40.1,101,215,168,78.1,1917,48,1118,269,0,72,432,140,32.4,129,0,14.2,1630162
363,58,52,151,316,142,44.9,142,39,23,59.0,1260,44,368,195,0,29,164,61,37.2,40,0,8.7,1630183
364,61,9,68,314,141,44.9,59,35,28,80.0,940,12,419,80,0,17,255,109,42.7,29,1,8.8,201961
365,82,6,40,133,67,50.4,31,36,31,86.1,394,8,176,48,0,18,28,11,39.3,27,0,15.5,202709
366,194,47,365,366,223,60.9,182,168,113,67.3,1453,141,559,506,0,42,7,0,0.0,101,0,19.4,203486
367,16,1,14,70,37,52.9,12,8,6,75.0,194,8,91,22,0,8,24,11,45.8,7,0,6.0,203585
368,150,55,207,907,389,42.9,124,330,281,85.2,1778,35,1173,242,0,35,322,114,35.4,106,1,18.9,203924
369,11,3,26,62,37,59.7,22,10,8,80.0,210,13,84,39,0,3,6,2,33.3,10,0,5.4,1626143
370,122,41,175,648,277,42.7,160,193,141,73.1,1402,51,765,226,0,48,230,70,30.4,124,6,11.7,1628367
371,74,14,41,135,56,41.5,33,20,14,70.0,392,12,145,53,0,20,54,19,35.2,25,1,9.8,1628372
372,22,1,51,201,92,45.8,40,52,41,78.8,528,12,270,63,0,8,111,45,40.5,27,0,6.8,1628402
373,16,8,47,98,41,41.8,34,36,25,69.4,284,16,115,63,0,6,19,8,42.1,17,1,8.8,1628977
374,9,0,37,52,32,61.5,20,19,9,47.4,235,16,73,53,0,5,0,0,0.0,14,0,5.6,1629076
375,32,5,76,196,68,34.7,74,42,31,73.8,627,24,189,100,0,20,88,22,25.0,35,0,3.7,1629635
376,2,0,8,17,5,29.4,3,4,3,75.0,38,0,17,8,0,1,13,4,30.8,3,0,0.9,1629686
377,70,6,30,113,39,34.5,30,9,8,88.9,364,4,95,34,0,15,37,9,24.3,44,0,6.3,1630165
378,73,8,210,538,217,40.3,96,114,99,86.8,1527,35,669,245,0,43,363,136,37.5,47,0,11.1,1630180
379,51,65,244,323,187,57.9,152,74,50,67.6,1198,143,437,387,0,31,31,13,41.9,57,5,12.8,1630191
380,124,10,62,153,71,46.4,59,74,50,67.6,573,16,199,78,0,25,16,7,43.8,40,0,7.8,1630240
381,304,6,266,1089,532,48.9,97,314,290,92.4,1770,24,1620,290,0,61,626,266,42.5,172,1,29.4,201939
382,0,0,0,0,0,0.0,0,0,0,0.0,0,0,0,0,0,0,0,0,0.0,0,0,0.0,202691
383,453,39,298,314,131,41.7,164,68,53,77.9,1603,46,342,344,0,85,108,27,25.0,153,11,17.5,203110
384,90,27,151,308,138,44.8,127,65,45,69.2,1032,24,381,175,0,55,144,60,41.7,66,2,8.3,203145
385,136,58,230,868,410,47.2,131,208,145,69.7,1977,59,1084,289,0,58,312,119,38.1,109,0,16.6,203952
386,73,42,242,697,308,44.2,118,167,117,70.1,1633,77,820,319,0,56,271,87,32.1,69,3,15.1,1626162
387,94,18,142,145,80,55.2,101,34,24,70.6,850,91,188,233,0,19,16,4,25.0,32,0,9.1,1626172
388,0,1,5,8,5,62.5,6,4,3,75.0,21,2,14,7,0,5,3,1,33.3,1,0,2.8,1627780
389,73,8,158,274,128,46.7,89,44,40,90.9,1079,22,373,180,0,38,194,77,39.7,30,0,8.6,1627814
390,18,9,35,150,63,42.0,36,19,11,57.9,494,2,183,37,0,9,126,46,36.5,9,0,3.2,1628539
391,94,17,140,144,84,58.3,79,23,17,73.9,752,23,211,163,0,26,60,26,43.3,40,2,9.9,1629308
392,2,3,4,13,6,46.2,6,4,1,25.0,38,3,15,7,0,1,5,2,40.0,0,1,2.0,1629346
393,51,7,97,293,144,49.1,65,89,64,71.9,676,27,369,124,0,12,53,17,32.1,41,0,8.9,1629672
394,74,6,50,345,148,42.9,67,76,68,89.5,717,7,433,57,0,21,196,69,35.2,36,2,9.0,1629673
395,26,36,171,368,191,51.9,121,86,54,62.8,836,55,448,226,0,11,38,12,31.6,60,2,12.3,1630164
396,53,1,31,95,32,33.7,25,25,20,80.0,295,3,102,34,0,14,50,18,36.0,25,0,4.6,1630185
397,36,2,92,160,63,39.4,15,36,28,77.8,364,12,188,104,0,8,102,34,33.3,21,0,13.3,201567
398,57,0,17,51,12,23.5,17,4,4,100.0,206,6,31,23,0,4,22,3,13.6,6,0,5.8,203521
399,102,17,175,265,126,47.5,68,47,29,61.7,1069,53,322,228,0,61,111,41,36.9,53,0,15.3,1626204
400,127,8,132,464,167,36.0,88,74,55,74.3,1179,29,467,161,0,44,260,78,30.0,52,3,9.0,1626224
401,69,15,91,253,101,39.9,54,49,41,83.7,688,17,292,108,0,20,118,49,41.5,36,0,10.6,1627752
402,60,58,258,306,192,62.7,60,174,122,70.1,1129,109,511,367,0,16,13,5,38.5,53,1,20.9,1628386
403,33,18,68,74,47,63.5,37,33,22,66.7,248,23,118,91,0,7,5,2,40.0,19,0,16.2,1628392
404,74,4,65,221,87,39.4,31,32,22,68.8,658,5,228,70,0,14,115,32,27.8,28,0,6.2,1628422
405,205,7,108,922,449,48.7,136,297,242,81.5,1783,44,1223,152,0,55,221,83,37.6,132,1,19.6,1629012
406,295,6,96,731,332,45.4,106,118,99,83.9,1645,23,860,119,0,59,238,97,40.8,145,1,15.8,1629636
407,1,0,5,5,2,40.0,4,2,2,100.0,24,0,7,5,0,2,4,1,25.0,1,0,2.8,1629662
408,33,12,87,130,57,43.8,37,27,21,77.8,513,20,161,107,0,19,77,26,33.8,32,0,7.1,1629685
409,55,18,129,219,94,42.9,54,21,16,76.2,849,23,258,152,0,23,148,54,36.5,20,0,7.1,1629731
410,96,23,100,389,164,42.2,147,94,68,72.3,1719,51,442,151,0,55,152,46,30.3,72,0,8.2,1630171
411,24,13,72,136,62,45.6,52,51,37,72.5,490,24,165,96,0,17,25,4,16.0,22,1,5.3,1630205
412,10,4,12,42,12,28.6,13,16,13,81.3,139,2,41,14,0,6,20,4,20.0,8,0,2.3,1630271
413,71,13,50,367,159,43.3,44,114,94,82.5,789,8,481,58,0,14,210,69,32.9,51,2,13.3,201569
414,56,0,25,94,39,41.5,18,34,33,97.1,268,7,129,32,0,6,50,18,36.0,21,0,10.4,201571
415,275,31,112,726,293,40.4,46,211,158,74.9,1288,17,823,129,0,42,249,79,31.7,141,11,16.8,202322
416,28,2,30,88,28,31.8,24,6,5,83.3,319,5,76,35,0,10,53,15,28.3,13,0,5.5,202340
417,49,9,112,189,110,58.2,45,59,52,88.1,525,23,305,135,0,18,82,33,40.2,40,0,22.9,203482
418,0,0,0,0,0,0.0,0,0,0,0.0,0,0,0,0,0,0,0,0,0.0,0,0,0.0,203957
419,56,45,286,574,300,52.3,78,172,109,63.4,1185,67,776,353,0,32,178,67,37.6,69,1,23.1,1626174
420,59,14,104,248,101,40.7,62,59,39,66.1,864,18,292,122,0,19,142,51,35.9,30,0,9.7,1627863
421,31,21,78,218,106,48.6,60,68,47,69.1,679,40,276,118,0,30,63,17,27.0,17,1,10.9,1628021
422,16,11,55,101,43,42.6,26,19,12,63.2,264,12,114,67,0,9,48,16,33.3,16,0,6.8,1628391
423,72,12,186,335,150,44.8,97,31,25,80.6,1229,38,416,224,0,38,215,91,42.3,41,2,10.4,1628425
424,3,3,9,18,5,27.8,5,0,0,0.0,80,4,12,13,0,1,11,2,18.2,0,0,3.2,1629610
425,131,7,66,285,120,42.1,49,67,50,74.6,664,14,325,80,0,17,121,35,28.9,72,0,14.6,1629645
426,13,1,31,69,26,37.7,13,5,2,40.0,212,5,75,36,0,4,60,21,35.0,11,0,8.0,1629717
427,22,31,102,179,91,50.8,59,56,40,71.4,692,56,236,158,0,20,42,14,33.3,22,1,10.0,1630231
428,6,2,17,55,18,32.7,18,7,6,85.7,167,15,51,32,0,1,33,9,27.3,6,0,3.4,1630237
429,141,34,205,525,270,51.4,191,117,84,71.8,1771,119,672,324,0,78,165,48,29.1,73,3,14.6,1630256
430,53,23,106,276,120,43.5,72,75,71,94.7,765,25,363,131,0,34,128,52,40.6,22,0,11.7,203087
431,96,27,186,521,208,39.9,114,69,54,78.3,1823,27,609,213,0,73,379,139,36.7,47,0,10.9,203200
432,70,4,137,519,270,52.0,89,77,64,83.1,1287,52,689,189,0,16,226,85,37.6,44,1,12.5,203926
433,5,0,12,51,27,52.9,16,10,8,80.0,117,2,62,14,0,2,7,0,0.0,4,0,13.3,203933
434,2,8,33,66,28,42.4,34,24,15,62.5,190,18,73,51,0,2,10,2,20.0,7,1,3.7,203960
435,370,19,161,374,212,56.7,90,38,25,65.8,1442,42,461,203,0,99,34,12,35.3,104,1,15.6,204456
436,48,159,243,432,206,47.7,165,142,111,78.2,1455,63,592,306,0,40,206,69,33.5,67,2,17.5,1626167
437,319,29,481,764,397,52.0,179,297,217,73.1,1892,134,1053,615,0,60,139,42,30.2,178,3,27.4,1627734
438,93,13,89,381,164,43.0,54,89,69,77.5,749,19,433,108,0,39,132,36,27.3,43,2,17.7,1627747
439,314,14,220,944,429,45.4,107,167,144,86.2,1860,58,1143,278,0,49,357,141,39.5,108,0,21.7,1627763
440,40,10,61,230,121,52.6,70,63,50,79.4,711,16,323,77,0,28,77,31,40.3,42,0,6.8,1628410
441,0,0,0,0,0,0.0,0,0,0,0.0,0,0,0,0,0,0,0,0,0.0,0,0,0.0,1628578
442,91,9,60,377,146,38.7,86,66,53,80.3,980,10,405,70,0,37,161,60,37.3,51,1,5.6,1628988
443,26,46,71,153,70,45.8,71,45,34,75.6,419,48,189,119,0,8,56,15,26.8,16,1,7.5,1629048
444,4,5,19,40,22,55.0,6,16,11,68.8,130,12,63,31,0,4,19,8,42.1,2,0,10.3,1629052
445,7,3,17,46,17,37.0,12,5,5,100.0,120,9,45,26,0,5,21,6,28.6,6,0,2.3,1629103
446,0,2,6,22,6,27.3,9,5,4,80.0,42,5,17,11,0,0,6,1,16.7,1,0,0.8,1630199
447,0,0,0,0,0,0.0,0,0,0,0.0,0,0,0,0,0,0,0,0,0.0,0,0,0.0,2617
448,117,31,162,226,86,38.1,77,34,22,64.7,1159,34,250,196,0,54,170,56,32.9,53,0,8.2,2738
449,35,11,75,145,57,39.3,33,28,21,75.0,540,15,165,90,0,14,84,30,35.7,12,0,10.4,2772
450,175,7,120,425,185,43.5,87,102,83,81.4,1050,19,519,139,0,26,186,66,35.5,98,0,12.7,201609
451,9,2,15,24,9,37.5,15,3,1,33.3,87,1,22,16,0,2,16,3,18.8,3,0,3.9,202357
452,322,17,228,627,309,49.3,64,349,299,85.7,1490,80,936,308,0,94,87,19,21.8,99,2,27.5,202710
453,2,4,20,24,16,66.7,8,10,9,90.0,80,13,41,33,0,5,3,0,0.0,5,0,11.8,203473
454,14,2,11,43,16,37.2,13,18,12,66.7,111,3,48,14,0,7,17,4,23.5,14,0,9.5,203506
455,287,59,371,687,389,56.6,121,310,249,80.3,1808,122,1029,493,0,58,8,2,25.0,148,1,26.3,1628389
456,110,15,215,614,270,44.0,153,61,51,83.6,1958,5,804,220,0,34,526,213,40.5,72,0,12.4,1629130
457,130,12,135,541,253,46.8,89,52,48,92.3,1362,17,657,152,0,46,269,103,38.3,68,0,13.6,1629134
458,54,2,38,203,75,36.9,68,23,20,87.0,564,9,207,47,0,17,129,37,28.7,28,0,4.0,1629216
459,17,1,24,138,63,45.7,34,17,11,64.7,388,3,176,27,0,6,111,39,35.1,6,0,4.4,1629622
460,162,17,210,627,268,42.7,61,110,89,80.9,1472,23,715,233,0,34,262,90,34.4,91,0,14.4,1629639
461,15,8,42,84,29,34.5,52,10,3,30.0,384,18,73,60,0,8,47,12,25.5,13,1,3.0,1629644
462,27,26,127,207,112,54.1,88,103,53,51.5,683,70,277,197,0,18,0,0,0.0,41,0,6.5,1630173
463,20,46,154,224,126,56.3,73,79,41,51.9,546,61,293,215,0,9,1,0,0.0,40,2,11.3,202355
464,197,10,309,616,304,49.4,74,231,191,82.7,2038,63,891,372,0,43,243,92,37.9,89,0,19.1,203084
465,16,8,29,73,33,45.2,37,19,16,84.2,317,8,93,37,0,14,36,11,30.6,9,1,8.3,203090
466,30,1,28,85,38,44.7,10,23,21,91.3,290,8,111,36,0,17,32,14,43.8,9,0,9.8,1626153
467,83,82,319,463,297,64.1,182,138,110,79.7,1499,128,706,447,0,34,10,2,20.0,61,2,21.9,1626158
468,181,23,239,815,329,40.4,147,86,72,83.7,1991,22,962,261,0,48,603,232,38.5,100,0,15.1,1627741
469,3,3,11,8,5,62.5,7,7,5,71.4,62,4,15,15,0,3,0,0,0.0,3,0,7.8,1627745
470,417,27,170,1110,529,47.7,170,417,300,71.9,2036,33,1461,203,0,87,320,103,32.2,174,10,22.8,1628368
471,35,19,184,416,209,50.2,90,109,61,56.0,951,91,513,275,0,18,96,34,35.4,49,2,15.0,1628963
472,17,13,42,94,54,57.4,39,26,17,65.4,253,25,128,67,0,7,10,3,30.0,15,0,6.5,1629002
473,15,3,26,97,42,43.3,20,11,8,72.7,249,3,114,29,0,9,60,22,36.7,16,2,6.9,1629056
474,19,0,19,58,22,37.9,14,12,10,83.3,152,3,64,22,0,4,32,10,31.3,4,0,3.0,1629657
475,15,1,8,42,18,42.9,10,12,5,41.7,152,3,46,11,0,3,17,5,29.4,6,0,1.5,1629713
476,0,1,2,3,1,33.3,4,0,0,0.0,9,0,2,2,0,0,0,0,0.0,1,0,0.5,1629735
477,268,27,122,547,258,47.2,82,50,42,84.0,1580,37,668,159,0,69,265,110,41.5,78,0,15.4,1630169
478,1,1,4,5,3,60.0,0,0,0,0.0,17,0,7,4,0,0,3,1,33.3,1,0,2.0,1630186
479,0,2,8,14,7,50.0,2,8,3,37.5,29,3,18,11,0,0,4,1,25.0,1,0,1.6,1630218
480,304,11,200,537,230,42.8,132,148,130,87.8,1457,33,701,233,0,43,293,111,37.9,118,8,20.2,200768
481,43,20,171,281,121,43.1,113,37,27,73.0,912,83,291,254,0,15,93,22,23.7,43,5,8.2,203382
482,4,3,15,46,17,37.0,11,11,10,90.9,157,3,52,18,0,1,24,8,33.3,4,0,4.4,203918
483,8,10,25,45,25,55.6,15,15,8,53.3,184,19,61,44,0,5,7,3,42.9,6,0,13.6,203920
484,61,16,95,147,58,39.5,89,29,24,82.8,730,22,170,117,0,38,87,30,34.5,39,1,5.4,1626169
485,77,14,79,152,81,53.3,59,43,30,69.8,707,25,201,104,0,31,33,9,27.3,51,4,7.5,1627761
486,225,34,267,798,362,45.4,156,267,224,83.9,1715,80,1010,347,0,53,209,62,29.7,104,1,22.6,1627783
487,292,36,167,769,303,39.4,113,178,158,88.8,1699,28,921,195,0,80,422,157,37.2,89,5,20.2,1627832
488,79,28,166,451,216,47.9,108,94,73,77.7,1294,52,599,218,0,61,234,94,40.2,70,1,16.9,1628384
489,63,110,281,545,283,51.9,164,188,148,78.7,1415,116,802,397,0,34,226,88,38.9,46,3,17.9,1628449
490,17,3,41,82,38,46.3,36,8,5,62.5,297,4,111,45,0,6,64,30,46.9,9,0,4.7,1628778
491,19,3,47,209,87,41.6,21,16,13,81.3,437,1,223,48,0,17,99,36,36.4,10,0,12.5,1629018
492,30,16,98,132,59,44.7,46,23,19,82.6,549,33,163,131,0,20,64,26,40.6,15,0,6.5,1629139
493,90,5,62,206,73,35.4,40,26,19,73.1,586,7,196,69,0,25,98,31,31.6,27,1,6.2,1630201
494,2,0,2,4,1,25.0,2,0,0,0.0,14,1,3,3,0,1,2,1,50.0,1,0,1.3,1630223
495,5,10,16,31,19,61.3,15,8,7,87.5,135,13,45,29,0,4,0,0,0.0,4,0,9.5,1630273
